sgRNA	gene_id	dmso	treat	logfc	statistic	p.value	method	alternative	fdr	significant	gene_symbol	labels	cols
ENSG00000142453_GAAGGAGGGCCACGTACCGT	ENSG00000142453	0.6588846125805442	0.1394081432411154	-2.240710999090337	1373	0.08602405184321946	Wilcoxon rank sum test with continuity correction	two.sided	0.3948118797282087	non-significant	CARM1	CARM1	-1
ENSG00000142453_GACCGTTGGGTGTGGCGAAC	ENSG00000142453	1.6065548023710674	1.0545771682349807	-0.6073055268898657	1373	0.08602405184321946	Wilcoxon rank sum test with continuity correction	two.sided	0.3948118797282087	non-significant	CARM1	CARM1	-1
ENSG00000142453_GAGACAGAGTGCAGCCGTGT	ENSG00000142453	0.1948432543279834	NaN	NaN	1373	0.08602405184321946	Wilcoxon rank sum test with continuity correction	two.sided	0.3948118797282087	non-significant	CARM1	CARM1	NaN
ENSG00000142453_GAGGACGCTGTTGCAGCCCA	ENSG00000142453	0.296588287212551	0.17226878496946119	-0.7838003148637995	1373	0.08602405184321946	Wilcoxon rank sum test with continuity correction	two.sided	0.3948118797282087	non-significant	CARM1	CARM1	-1
ENSG00000142453_GAGGAGGGCCACGTACCGTT	ENSG00000142453	0.8291290672433019	0.915053237434841	0.14225898342968119	1373	0.08602405184321946	Wilcoxon rank sum test with continuity correction	two.sided	0.3948118797282087	non-significant	CARM1	CARM1	1
ENSG00000142453_GAGTCCTTCATCATCACCCT	ENSG00000142453	0.9835465131866401	1.2101181571897304	0.2990827344708265	1373	0.08602405184321946	Wilcoxon rank sum test with continuity correction	two.sided	0.3948118797282087	non-significant	CARM1	CARM1	1
ENSG00000142453_GCAGTCCTTCATCATCACCC	ENSG00000142453	1.577584730374237	1.5238287024397081	-0.05001675805102497	1373	0.08602405184321946	Wilcoxon rank sum test with continuity correction	two.sided	0.3948118797282087	non-significant	CARM1	CARM1	-1
ENSG00000142453_GCCCTCTACAGCCGTGAGTA	ENSG00000142453	1.1001787090695774	1.0531366955162649	-0.0630451808694399	1373	0.08602405184321946	Wilcoxon rank sum test with continuity correction	two.sided	0.3948118797282087	non-significant	CARM1	CARM1	-1
ENSG00000142453_GCCTCTACAGCCGTGAGTAC	ENSG00000142453	0.9018680629517897	0.7111523340331742	-0.3427577638480261	1373	0.08602405184321946	Wilcoxon rank sum test with continuity correction	two.sided	0.3948118797282087	non-significant	CARM1	CARM1	-1
ENSG00000142453_GCCTGGAGCCGGATCTAAGA	ENSG00000142453	0.5160095887770636	0.3816971776490684	-0.434969355863121	1373	0.08602405184321946	Wilcoxon rank sum test with continuity correction	two.sided	0.3948118797282087	non-significant	CARM1	CARM1	-1
ENSG00000142453_GCGCCACACCCAACGGTACG	ENSG00000142453	0.9672663143555427	1.0339881081446882	0.0962345312311082	1373	0.08602405184321946	Wilcoxon rank sum test with continuity correction	two.sided	0.3948118797282087	non-significant	CARM1	CARM1	1
ENSG00000142453_GCTCTACAGCCGTGAGTACG	ENSG00000142453	0.7425337069974882	0.3476675147343027	-1.0947482467156746	1373	0.08602405184321946	Wilcoxon rank sum test with continuity correction	two.sided	0.3948118797282087	non-significant	CARM1	CARM1	-1
ENSG00000142453_GGAAGGACTGCTTGCCCACA	ENSG00000142453	0.6072043606392652	0.43911675877797984	-0.46757755590800165	1373	0.08602405184321946	Wilcoxon rank sum test with continuity correction	two.sided	0.3948118797282087	non-significant	CARM1	CARM1	-1
ENSG00000142453_GGAGACAGAGTGCAGCCGTG	ENSG00000142453	0.328276248364889	0.7381385162814111	1.168981201412766	1373	0.08602405184321946	Wilcoxon rank sum test with continuity correction	two.sided	0.3948118797282087	non-significant	CARM1	CARM1	1
ENSG00000142453_GGAGGACGCTGTTGCAGCCC	ENSG00000142453	0.7115596671833015	0.238286969796414	-1.5782846746425265	1373	0.08602405184321946	Wilcoxon rank sum test with continuity correction	two.sided	0.3948118797282087	non-significant	CARM1	CARM1	-1
ENSG00000142453_GGCCGGATCTAAGATGGCAG	ENSG00000142453	0.6204973709148809	1.058489726847819	0.7705102646692631	1373	0.08602405184321946	Wilcoxon rank sum test with continuity correction	two.sided	0.3948118797282087	non-significant	CARM1	CARM1	1
ENSG00000142453_GGCGGTCTGTGTTCAGCGAG	ENSG00000142453	0.6636188907907493	0.959030696445606	0.531222038347381	1373	0.08602405184321946	Wilcoxon rank sum test with continuity correction	two.sided	0.3948118797282087	non-significant	CARM1	CARM1	1
ENSG00000142453_GGGATCTAAGATGGCAGCGG	ENSG00000142453	0.4552257591788428	0.4194352562637137	-0.1181340611384722	1373	0.08602405184321946	Wilcoxon rank sum test with continuity correction	two.sided	0.3948118797282087	non-significant	CARM1	CARM1	-1
ENSG00000142453_GTCCAGTTCGCCACACCCAA	ENSG00000142453	0.9903892108243099	0.5268060504757532	-0.9107236827605687	1373	0.08602405184321946	Wilcoxon rank sum test with continuity correction	two.sided	0.3948118797282087	non-significant	CARM1	CARM1	-1
ENSG00000142453_GTCTGCCGTGCAGTACTTCC	ENSG00000142453	1.6594437234387351	1.104035246334124	-0.5879134733604424	1373	0.08602405184321946	Wilcoxon rank sum test with continuity correction	two.sided	0.3948118797282087	non-significant	CARM1	CARM1	-1
ENSG00000173011_GAACTATGATGACGACGACG	ENSG00000173011	1.119754178467122	1.15571142948671	0.045599165367882194	1084	0.0016056925841586	Wilcoxon rank sum test with continuity correction	two.sided	0.04647841269561569	significant	TADA2B	TADA2B	1
ENSG00000173011_GAAGATATGGCTGCCCACGT	ENSG00000173011	1.1274407124897865	0.3290590957723524	-1.7766329638653247	1084	0.0016056925841586	Wilcoxon rank sum test with continuity correction	two.sided	0.04647841269561569	significant	TADA2B	TADA2B	-1
ENSG00000173011_GACAGGTGTGGTCTGTCACG	ENSG00000173011	0.5236410110121772	0.4771279450859967	-0.1342019055182889	1084	0.0016056925841586	Wilcoxon rank sum test with continuity correction	two.sided	0.04647841269561569	significant	TADA2B	TADA2B	-1
ENSG00000173011_GACGTGAGCATGTACATCCA	ENSG00000173011	0.820183748361619	0.22060118728696043	-1.8945066018691017	1084	0.0016056925841586	Wilcoxon rank sum test with continuity correction	two.sided	0.04647841269561569	significant	TADA2B	TADA2B	-1
ENSG00000173011_GAGCCCGCTGATGAGCGTCT	ENSG00000173011	1.5549930097803126	1.2133711292630243	-0.3578872053056504	1084	0.0016056925841586	Wilcoxon rank sum test with continuity correction	two.sided	0.04647841269561569	significant	TADA2B	TADA2B	-1
ENSG00000173011_GATCACCTCTTGGGGAGTCC	ENSG00000173011	2.114092687669201	1.9937007992499165	-0.08458971350446712	1084	0.0016056925841586	Wilcoxon rank sum test with continuity correction	two.sided	0.04647841269561569	significant	TADA2B	TADA2B	-1
ENSG00000173011_GATCTTCCTACGATGACAAA	ENSG00000173011	1.8174819932177524	1.6595721472899134	-0.13112972097328873	1084	0.0016056925841586	Wilcoxon rank sum test with continuity correction	two.sided	0.04647841269561569	significant	TADA2B	TADA2B	-1
ENSG00000173011_GATGCCGAGACGCTCATCAG	ENSG00000173011	1.97901565598852	1.2639136953394683	-0.6468850712158233	1084	0.0016056925841586	Wilcoxon rank sum test with continuity correction	two.sided	0.04647841269561569	significant	TADA2B	TADA2B	-1
ENSG00000173011_GCATCACCTCTTGGGGAGTC	ENSG00000173011	0.6955745529875705	0.24893236527901047	-1.4824513373544106	1084	0.0016056925841586	Wilcoxon rank sum test with continuity correction	two.sided	0.04647841269561569	significant	TADA2B	TADA2B	-1
ENSG00000173011_GCCGCACGTACATGTCCACG	ENSG00000173011	2.005265053151423	1.4099631252219655	-0.5081355104108161	1084	0.0016056925841586	Wilcoxon rank sum test with continuity correction	two.sided	0.04647841269561569	significant	TADA2B	TADA2B	-1
ENSG00000173011_GCGCACGTACATGTCCACGT	ENSG00000173011	2.2026819901138897	1.4589606437136926	-0.5943202562318649	1084	0.0016056925841586	Wilcoxon rank sum test with continuity correction	two.sided	0.04647841269561569	significant	TADA2B	TADA2B	-1
ENSG00000173011_GCGGACTCCCCAAGAGGTGA	ENSG00000173011	2.523554986291937	2.0242697742912505	-0.31805595146450594	1084	0.0016056925841586	Wilcoxon rank sum test with continuity correction	two.sided	0.04647841269561569	significant	TADA2B	TADA2B	-1
ENSG00000173011_GCGTGAGCATGTACATCCAC	ENSG00000173011	2.967040373624232	1.8781880767598813	-0.6596830203701614	1084	0.0016056925841586	Wilcoxon rank sum test with continuity correction	two.sided	0.04647841269561569	significant	TADA2B	TADA2B	-1
ENSG00000173011_GGATGAGCGTCTCGGCATCC	ENSG00000173011	1.7467800761326369	1.7565326739921063	0.008032432110602438	1084	0.0016056925841586	Wilcoxon rank sum test with continuity correction	two.sided	0.04647841269561569	significant	TADA2B	TADA2B	1
ENSG00000173011_GGCTTCCCGGACTCCCCAAG	ENSG00000173011	1.0520926520095382	1.5069073340279124	0.5183289419340957	1084	0.0016056925841586	Wilcoxon rank sum test with continuity correction	two.sided	0.04647841269561569	significant	TADA2B	TADA2B	1
ENSG00000173011_GGTAATGCTCCATCACCTCT	ENSG00000173011	2.329772168431025	1.6519096196179226	-0.4960541234573861	1084	0.0016056925841586	Wilcoxon rank sum test with continuity correction	two.sided	0.04647841269561569	significant	TADA2B	TADA2B	-1
ENSG00000173011_GTAATGCTCCATCACCTCTT	ENSG00000173011	1.6494936417595594	0.921871955447691	-0.8393849320523137	1084	0.0016056925841586	Wilcoxon rank sum test with continuity correction	two.sided	0.04647841269561569	significant	TADA2B	TADA2B	-1
ENSG00000173011_GTACGAGATCGAGTATGACC	ENSG00000173011	2.247716420263232	1.0083547816765863	-1.1564567025782242	1084	0.0016056925841586	Wilcoxon rank sum test with continuity correction	two.sided	0.04647841269561569	significant	TADA2B	TADA2B	-1
ENSG00000173011_GTATCTTCCTACGATGACAA	ENSG00000173011	0.6609142496997276	0.7134926764766718	0.1104355200325601	1084	0.0016056925841586	Wilcoxon rank sum test with continuity correction	two.sided	0.04647841269561569	significant	TADA2B	TADA2B	1
ENSG00000173011_GTCTCGTAATCATCCCGCAG	ENSG00000173011	1.7691740211273972	1.9315924085209815	0.12671473589442042	1084	0.0016056925841586	Wilcoxon rank sum test with continuity correction	two.sided	0.04647841269561569	significant	TADA2B	TADA2B	1
ENSG00000181090_GACAGCAACACATACCTTCT	ENSG00000181090	1.7474033374092244	0.6373397606946274	-1.4550780792496465	232	1.1115374285088651e-10	Wilcoxon rank sum test with continuity correction	two.sided	6.83595518532952e-8	significant	EHMT1	EHMT1	-1
ENSG00000181090_GACATACCTTGGGATCCACC	ENSG00000181090	1.868278236735361	1.2458593188502172	-0.5845681571094004	232	1.1115374285088651e-10	Wilcoxon rank sum test with continuity correction	two.sided	6.83595518532952e-8	significant	EHMT1	EHMT1	-1
ENSG00000181090_GACCATGCCGAAGTCCGTCG	ENSG00000181090	1.1508815846156808	0.5150383902700968	-1.159987522768838	232	1.1115374285088651e-10	Wilcoxon rank sum test with continuity correction	two.sided	6.83595518532952e-8	significant	EHMT1	EHMT1	-1
ENSG00000181090_GACCTTGACGTCGGCGCCAG	ENSG00000181090	1.2204021926187578	0.29258871314828283	-2.060410654522213	232	1.1115374285088651e-10	Wilcoxon rank sum test with continuity correction	two.sided	6.83595518532952e-8	significant	EHMT1	EHMT1	-1
ENSG00000181090_GACTTCCAAGGAGAGCATGT	ENSG00000181090	1.5836637609834388	0.7229433180861454	-1.1313116158637573	232	1.1115374285088651e-10	Wilcoxon rank sum test with continuity correction	two.sided	6.83595518532952e-8	significant	EHMT1	EHMT1	-1
ENSG00000181090_GCCATGCCGAAGTCCGTCGT	ENSG00000181090	1.6882900409823265	1.1960131979473112	-0.49732946445943066	232	1.1115374285088651e-10	Wilcoxon rank sum test with continuity correction	two.sided	6.83595518532952e-8	significant	EHMT1	EHMT1	-1
ENSG00000181090_GCCCACGACGGACTTCGGCA	ENSG00000181090	1.9077990966973406	1.135330725843744	-0.7487966335436609	232	1.1115374285088651e-10	Wilcoxon rank sum test with continuity correction	two.sided	6.83595518532952e-8	significant	EHMT1	EHMT1	-1
ENSG00000181090_GCTGACAGGGGAACATACCT	ENSG00000181090	2.0422184110529686	0.514600345580607	-1.9886128367016476	232	1.1115374285088651e-10	Wilcoxon rank sum test with continuity correction	two.sided	6.83595518532952e-8	significant	EHMT1	EHMT1	-1
ENSG00000181090_GGAAGTACCTCATCAAGGCT	ENSG00000181090	0.6673949593555805	0.15066812671175575	-2.1471665379145493	232	1.1115374285088651e-10	Wilcoxon rank sum test with continuity correction	two.sided	6.83595518532952e-8	significant	EHMT1	EHMT1	-1
ENSG00000181090_GGACAGCAACACATACCTTC	ENSG00000181090	1.9372488144215292	1.2305124784604204	-0.654749973215924	232	1.1115374285088651e-10	Wilcoxon rank sum test with continuity correction	two.sided	6.83595518532952e-8	significant	EHMT1	EHMT1	-1
ENSG00000181090_GGACCAGAGGACCCCGTTGA	ENSG00000181090	1.8850384388627133	0.9506276625437664	-0.9876416538925432	232	1.1115374285088651e-10	Wilcoxon rank sum test with continuity correction	two.sided	6.83595518532952e-8	significant	EHMT1	EHMT1	-1
ENSG00000181090_GGACCTTGACGTCGGCGCCA	ENSG00000181090	2.415141957514117	1.7981312332979291	-0.42560967332513455	232	1.1115374285088651e-10	Wilcoxon rank sum test with continuity correction	two.sided	6.83595518532952e-8	significant	EHMT1	EHMT1	-1
ENSG00000181090_GGCCTCCGACATGCTCTCCT	ENSG00000181090	1.2146641693430382	0.5560027559802229	-1.1273935530786412	232	1.1115374285088651e-10	Wilcoxon rank sum test with continuity correction	two.sided	6.83595518532952e-8	significant	EHMT1	EHMT1	-1
ENSG00000181090_GGGACCTTGACGTCGGCGCC	ENSG00000181090	0.8850840052731468	0.5389774822449355	-0.7155893906830132	232	1.1115374285088651e-10	Wilcoxon rank sum test with continuity correction	two.sided	6.83595518532952e-8	significant	EHMT1	EHMT1	-1
ENSG00000181090_GTCAGCACTCCCCTCCCCAA	ENSG00000181090	1.556247143554181	0.3734368716123863	-2.0591349037072106	232	1.1115374285088651e-10	Wilcoxon rank sum test with continuity correction	two.sided	6.83595518532952e-8	significant	EHMT1	EHMT1	-1
ENSG00000181090_GTCCAAGGAGAGCATGTCGG	ENSG00000181090	1.1853428341661403	0.37005150031012124	-1.679506416428477	232	1.1115374285088651e-10	Wilcoxon rank sum test with continuity correction	two.sided	6.83595518532952e-8	significant	EHMT1	EHMT1	-1
ENSG00000181090_GTGAAGTACCTCATCAAGGC	ENSG00000181090	1.1095722681002185	0.3824460195940913	-1.5366755976193816	232	1.1115374285088651e-10	Wilcoxon rank sum test with continuity correction	two.sided	6.83595518532952e-8	significant	EHMT1	EHMT1	-1
ENSG00000181090_GTGACAGGGGAACATACCTT	ENSG00000181090	0.6968229299462767	0.4509628093212994	-0.6277836385996716	232	1.1115374285088651e-10	Wilcoxon rank sum test with continuity correction	two.sided	6.83595518532952e-8	significant	EHMT1	EHMT1	-1
ENSG00000181090_GTTCCATCAACGGGGTCCTC	ENSG00000181090	2.0883279425415004	0.8140185418743726	-1.3592147227004951	232	1.1115374285088651e-10	Wilcoxon rank sum test with continuity correction	two.sided	6.83595518532952e-8	significant	EHMT1	EHMT1	-1
ENSG00000181090_GTTTCGGCTGCTTCCATCAA	ENSG00000181090	1.2851662197829334	1.0637938893368908	-0.2727363106638138	232	1.1115374285088651e-10	Wilcoxon rank sum test with continuity correction	two.sided	6.83595518532952e-8	significant	EHMT1	EHMT1	-1
ENSG00000204371_GAGGTGAGTGCAGCTAAAAC	ENSG00000204371	1.2960575110163735	1.7921132208937793	0.4675320483417077	1132	0.002985992541486876	Wilcoxon rank sum test with continuity correction	two.sided	0.06121284710048096	significant	EHMT2	EHMT2	1
ENSG00000204371_GATCCGCATGCTACTGACGC	ENSG00000204371	2.2732029279888852	0.6874862091206333	-1.725323800097708	1132	0.002985992541486876	Wilcoxon rank sum test with continuity correction	two.sided	0.06121284710048096	significant	EHMT2	EHMT2	-1
ENSG00000204371_GCAGCCCAGTAGAGAGTTGG	ENSG00000204371	0.6964421677386974	0.7300631331769692	0.0680176713349642	1132	0.002985992541486876	Wilcoxon rank sum test with continuity correction	two.sided	0.06121284710048096	significant	EHMT2	EHMT2	1
ENSG00000204371_GCCATGCTGTCAACTACCAT	ENSG00000204371	1.8595407884995168	0.355536993711905	-2.3868748078608832	1132	0.002985992541486876	Wilcoxon rank sum test with continuity correction	two.sided	0.06121284710048096	significant	EHMT2	EHMT2	-1
ENSG00000204371_GCCCCCTGCACATCGCAGCT	ENSG00000204371	2.3022981572666614	1.7727120798198956	-0.3771164448682968	1132	0.002985992541486876	Wilcoxon rank sum test with continuity correction	two.sided	0.06121284710048096	significant	EHMT2	EHMT2	-1
ENSG00000204371_GCGGTAGACCCCGCATCTCT	ENSG00000204371	0.5117292598208851	0.626780747226793	0.2925801387555555	1132	0.002985992541486876	Wilcoxon rank sum test with continuity correction	two.sided	0.06121284710048096	significant	EHMT2	EHMT2	1
ENSG00000204371_GCTCACTCACGTTGTCAGTG	ENSG00000204371	1.743909771844475	0.4942326963110982	-1.8190630370004934	1132	0.002985992541486876	Wilcoxon rank sum test with continuity correction	two.sided	0.06121284710048096	significant	EHMT2	EHMT2	-1
ENSG00000204371_GGACAACGTGAGTGAGCGTT	ENSG00000204371	0.631498827133601	0.2838652072062573	-1.1535740228982072	1132	0.002985992541486876	Wilcoxon rank sum test with continuity correction	two.sided	0.06121284710048096	significant	EHMT2	EHMT2	-1
ENSG00000204371_GGAGGTGAGTGCAGCTAAAA	ENSG00000204371	1.3298308054379366	1.3044586742284143	-0.02779146338308201	1132	0.002985992541486876	Wilcoxon rank sum test with continuity correction	two.sided	0.06121284710048096	significant	EHMT2	EHMT2	-1
ENSG00000204371_GGATCCGCATGCTACTGACG	ENSG00000204371	2.4984031695669393	0.8327507237855503	-1.5850496967970786	1132	0.002985992541486876	Wilcoxon rank sum test with continuity correction	two.sided	0.06121284710048096	significant	EHMT2	EHMT2	-1
ENSG00000204371_GGCCCCGCGTCAGTAGCATG	ENSG00000204371	2.6320000471201523	1.2208694232832162	-1.1082506081514683	1132	0.002985992541486876	Wilcoxon rank sum test with continuity correction	two.sided	0.06121284710048096	significant	EHMT2	EHMT2	-1
ENSG00000204371_GGGGGTGGACGCCCATCATC	ENSG00000204371	0.18521375901785153	0.18356712218900917	-0.012883588579250038	1132	0.002985992541486876	Wilcoxon rank sum test with continuity correction	two.sided	0.06121284710048096	significant	EHMT2	EHMT2	-1
ENSG00000204371_GGGTAGACCCCGCATCTCTG	ENSG00000204371	0.8241319077833085	0.9471256477947188	0.200680560712974	1132	0.002985992541486876	Wilcoxon rank sum test with continuity correction	two.sided	0.06121284710048096	significant	EHMT2	EHMT2	1
ENSG00000204371_GGTCAGCCCAGTAGAGAGTT	ENSG00000204371	1.0685696186302909	1.1591478467208851	0.11738368618993414	1132	0.002985992541486876	Wilcoxon rank sum test with continuity correction	two.sided	0.06121284710048096	significant	EHMT2	EHMT2	1
ENSG00000204371_GTCACTCACGTTGTCAGTGA	ENSG00000204371	1.76246639772208	0.3859259171768795	-2.1911999144579237	1132	0.002985992541486876	Wilcoxon rank sum test with continuity correction	two.sided	0.06121284710048096	significant	EHMT2	EHMT2	-1
ENSG00000204371_GTCAGCCCAGTAGAGAGTTG	ENSG00000204371	0.24270813329935081	0.3685300389794226	0.6025597636611769	1132	0.002985992541486876	Wilcoxon rank sum test with continuity correction	two.sided	0.06121284710048096	significant	EHMT2	EHMT2	1
ENSG00000204371_GTCCGCATGCTACTGACGCG	ENSG00000204371	2.018992958236053	0.638838450141751	-1.6601128261019311	1132	0.002985992541486876	Wilcoxon rank sum test with continuity correction	two.sided	0.06121284710048096	significant	EHMT2	EHMT2	-1
ENSG00000204371_GTCGGTAGACCCCGCATCTC	ENSG00000204371	0.8602675596292269	0.4430980430279645	-0.9571594802195962	1132	0.002985992541486876	Wilcoxon rank sum test with continuity correction	two.sided	0.06121284710048096	significant	EHMT2	EHMT2	-1
ENSG00000204371_GTTCAGAAGGACTTCGGCGA	ENSG00000204371	0.6977186106749947	0.41895189306071867	-0.7358607227792389	1132	0.002985992541486876	Wilcoxon rank sum test with continuity correction	two.sided	0.06121284710048096	significant	EHMT2	EHMT2	-1
ENSG00000204371_GTTGTCAGTGAGGGTGACGT	ENSG00000204371	1.2468112903464368	0.42037926340067944	-1.568479713825434	1132	0.002985992541486876	Wilcoxon rank sum test with continuity correction	two.sided	0.06121284710048096	significant	EHMT2	EHMT2	-1
