gene_id	dmso	treat	logfc	p.value	fdr	significant	gene_symbol
ENSG00000053900	0.5260175528827143	0.53332505886055	0.36174013667693056	0.0017193417530668076	0.11748835312623185	non-significant	ANAPC4
ENSG00000101182	0.45237685691705803	0.44193888693622374	0.16023987799640949	0.10251299060896896	0.5043639137961272	non-significant	PSMA7
ENSG00000115207	0.6565636648963039	0.66975066661762	0.03987564090410444	0.025445838595136338	0.30094597569247783	non-significant	GTF3C2
ENSG00000115274	0.7349728581956966	0.7151656875443834	-0.0013046883265101675	0.9892505565722872	0.9940998240064651	non-significant	INO80B
ENSG00000115289	1.2038827731400772	1.2001363397905542	-0.028556071036802785	0.48717221754848866	0.8511673687281833	non-significant	PCGF1
ENSG00000115524	0.6139386441693726	0.6327793520639252	0.020805849664389506	0.2977559022229758	0.7324795194685205	non-significant	SF3B1
ENSG00000115548	0.9544119696843156	0.9092103355022084	-0.021933270169172212	0.5939370821451414	0.8970944466499308	non-significant	KDM3A
ENSG00000115593	0.7904200809320402	0.7181196380532671	-0.1147089509661201	0.27546403855158785	0.7193633446341684	non-significant	SMYD1
ENSG00000115844	1.0616165830615554	1.0359169432204087	-0.07430108718420797	0.8398443680682728	0.9599179787220339	non-significant	DLX2
ENSG00000115966	0.9945432806543609	1.0075382736347602	0.04161133049311978	0.25589145483086445	0.703414480786134	non-significant	ATF2
ENSG00000116005	1.041193955601169	0.9884154088738447	-0.07047293510745894	0.5966042742761328	0.8970944466499308	non-significant	PCYOX1
ENSG00000116017	1.1069097039892735	1.0850810573891971	-0.011702774683021052	0.8218323654858499	0.956979807028125	non-significant	ARID3A
ENSG00000116035	1.2748584859570358	1.2486507620428702	0.005417803868081068	0.456359129451236	0.83282155671368	non-significant	VAX2
ENSG00000116062	1.3064049961399433	1.3029691148515639	0.0424665873942269	0.31412059595420827	0.7419558003781466	non-significant	MSH6
ENSG00000116254	0.8138908758566918	0.8542549261930241	0.08327434897823482	0.028923744806456066	0.30669143199949106	non-significant	CHD5
ENSG00000116273	1.074027043621648	1.1408081581429717	0.10367677257980905	0.02717662416526442	0.3038840702115931	non-significant	PHF13
ENSG00000116478	0.8239009582753197	0.8062724712676133	-0.01811902280252966	0.5494537294463082	0.879984488566353	non-significant	HDAC1
ENSG00000116539	0.94102061948441	0.9136718755483803	-0.022131449311898678	1	1	non-significant	ASH1L
ENSG00000116580	0.7897698675172825	0.7529059863596338	-0.011595119763481246	0.7030634727361287	0.9267238106263728	non-significant	GON4L
ENSG00000116670	0.5877286037801215	0.5623280788531685	-0.010503899345055166	0.9340410132574405	0.9851588861538617	non-significant	MAD2L2
ENSG00000116731	1.0018398312007326	0.9600576938760842	-0.018566810530152494	0.9861795600657233	0.9940998240064651	non-significant	PRDM2
ENSG00000116750	0.8547929654600048	0.8607718377717143	0.020735784107952883	0.38960337060016365	0.78136745942344	non-significant	UCHL5
ENSG00000116830	0.8105852284441483	0.7244610259772852	0.017569601904876806	0.7831706762505427	0.9518774029527348	non-significant	TTF2
ENSG00000117115	1.1722213380494155	1.1551854287061962	-0.01204792807308576	0.4046241345130108	0.7950282515191747	non-significant	PADI2
ENSG00000117139	1.1513533696252503	1.085757937010957	-0.04531394246665004	0.6874923810521136	0.9267238106263728	non-significant	KDM5B
ENSG00000117222	0.5764608829274457	0.5965391884704231	0.11558679650577255	0.19125850066950498	0.6488255814072662	non-significant	RBBP5
ENSG00000117505	0.5771448447983721	0.6002395764638715	0.10010992608608277	0.23811890984631723	0.6843136895116126	non-significant	DR1
ENSG00000117625	1.0154581291368323	0.9664358741381607	0.017782815008132176	0.36464521979730263	0.7601925768655632	non-significant	RCOR3
ENSG00000117713	1.1894433568186888	1.1045439255871812	-0.11271702547957782	0.21161955598847343	0.6573031663278341	non-significant	ARID1A
ENSG00000117724	0.7161641613717129	0.7047709862023012	0.013900968947188796	0.7683928836692089	0.9518774029527348	non-significant	CENPF
ENSG00000118058	1.249965892001678	1.2384887727870977	0.03448915299549281	0.2889150343490075	0.7193633446341684	non-significant	KMT2A
ENSG00000118156	1.0010067053508067	1.0672221903415402	0.12206414707442462	0.04940156408479647	0.39457093392402376	non-significant	ZNF541
ENSG00000118418	0.7890146685027618	0.8010823610937009	0.025296025062236698	0.583323275452988	0.8968595360089692	non-significant	HMGN3
ENSG00000118513	0.7876332644347235	0.7410360250698417	-0.07764658656643139	0.36262275157898066	0.7601925768655632	non-significant	MYB
ENSG00000118900	0.8500426589121789	0.8745929520467597	0.02989794986025427	0.3234630093700546	0.7450552463018112	non-significant	UBN1
ENSG00000119042	1.0712588489934292	1.1528153049407284	0.13608144591046906	0.017273082905791253	0.2590962435868688	non-significant	SATB2
ENSG00000119048	0.9670893003891587	0.9508633469174971	0.006065467495480164	0.4402322455631056	0.8279597278939141	non-significant	UBE2B
ENSG00000119403	1.0525862636644878	1.020259046815788	-0.12310677308714645	0.26346216888456975	0.7137851712070943	non-significant	PHF19
ENSG00000119684	1.01481395142617	1.0524983904361551	0.11995526698241975	0.03782541592815772	0.3578866276279538	non-significant	MLH3
ENSG00000119760	1.0868558842810807	0.9969875644119459	-0.11512653785266794	0.30134234372933527	0.7339959817251432	non-significant	SUPT7L
ENSG00000119772	0.8933859370080247	0.9200619741240134	0.07742633664765329	0.08995165774114497	0.48185423359004703	non-significant	DNMT3A
ENSG00000119778	1.0469626125630571	1.0011612279880215	-0.08399648921344402	0.7362518980263447	0.9355266886078554	non-significant	ATAD2B
ENSG00000119953	0.6793883513853902	0.6967502285154785	0.10068072081468907	0.08578039482403749	0.48185423359004703	non-significant	SMNDC1
ENSG00000119969	1.0236360826699833	0.9767418081180309	-0.018574343794400466	0.6621803494425291	0.9267238106263728	non-significant	HELLS
ENSG00000120071	0.6623825361488117	0.6418621094741771	0.03601093860248623	0.3925036850036906	0.78136745942344	non-significant	KANSL1
ENSG00000120616	0.8916394481942782	0.9111713794469856	0.036960662217399534	0.14300555522397052	0.5982885473655909	non-significant	EPC1
ENSG00000120656	0.8565844780543691	0.8395009614848529	0.07593461184974572	0.15991745178073904	0.6146827052822157	non-significant	TAF12
ENSG00000120733	0.6537867753736468	0.7459310890423372	0.19598403452283303	0.0029428283919309614	0.13591105670399703	non-significant	KDM3B
ENSG00000121057	0.8776473122064686	0.9422976668186739	0.04238310702409511	0.2597565098771163	0.7100011269974512	non-significant	AKAP1
ENSG00000121152	0.8707215789307726	0.7912124864997777	-0.19640583579162885	0.288084014802883	0.7193633446341684	non-significant	NCAPH
ENSG00000121297	1.0176676554023572	0.9992409741572044	0.009250493683613404	0.6761972230312487	0.9267238106263728	non-significant	TSHZ3
ENSG00000121481	0.822143195031135	0.780346352791204	0.04900597443152998	0.3667432702160691	0.7612148685280564	non-significant	RNF2
ENSG00000121903	1.1661076796994791	1.1551979195923632	0.005720129779210361	0.7683928836692089	0.9518774029527348	non-significant	ZSCAN20
ENSG00000121988	0.8935847680723923	0.9034212001651849	0.032292701482054785	0.30677573166213346	0.7369807616102034	non-significant	ZRANB3
ENSG00000122180	1.106564047138294	1.1043679900655357	0.049193129387830326	0.28369627835402916	0.7193633446341684	non-significant	MYOG
ENSG00000122257	0.41579601250271775	0.4237215624250232	0.12625713909810887	0.6771869021356727	0.9267238106263728	non-significant	RBBP6
ENSG00000122304	1.0207326833800772	1.027120959356457	0.07824779747976805	0.2768378010556849	0.7193633446341684	non-significant	PRM2
ENSG00000122877	0.9342739364620245	1.0389792630337502	0.17835201725108402	0.010428172015727905	0.2019237904858532	non-significant	EGR2
ENSG00000123219	0.6087995828330014	0.6229810935712718	0.06177549698984043	0.1288535932100168	0.5580630973532418	non-significant	CENPK
ENSG00000123364	1.0238484585495058	1.0149648592902751	-0.01272195356650268	0.6960099260827863	0.9267238106263728	non-significant	HOXC13
ENSG00000123485	0.4619442131669115	0.5023873783405272	0.06764801250238228	0.1711696044113799	0.6266030161488014	non-significant	HJURP
ENSG00000123562	1.1031830077252311	1.121165835980672	0.03570912034972175	0.22575307206877918	0.6770992831331848	non-significant	MORF4L2
ENSG00000123569	0.9780756310428469	0.9698923053019592	0.013993406261117341	0.39386002019718114	0.78136745942344	non-significant	H2BFWT
ENSG00000123600	0.7880263488570493	0.8490901643780441	0.16185529436124046	0.0270033099731154	0.3038840702115931	non-significant	METTL8
ENSG00000123636	0.5853179974611245	0.6320997861717819	0.19627398708567526	0.01227900549914962	0.21547097829523712	non-significant	BAZ2B
ENSG00000124092	1.0126916638884544	1.0174400802764938	0.021631872608712258	0.42667319678093946	0.8225831223206199	non-significant	CTCFL
ENSG00000124151	0.9009545438586357	0.8893114275725916	-0.05105312751291434	0.7625175276156432	0.9518774029527348	non-significant	NCOA3
ENSG00000124177	0.8945629518171988	0.8585835781176264	-0.016052222272839704	0.9279212999412179	0.9851588861538617	non-significant	CHD6
ENSG00000124422	1.3083124506010608	1.096196216929381	-0.271203616976608	0.001247868031142496	0.09592985489407937	significant	USP22
ENSG00000124496	1.1610158251264593	1.0987234088796294	-0.07180137200337207	0.667773249324039	0.9267238106263728	non-significant	TRERF1
ENSG00000124523	1.0924326706944056	1.0655102260971634	-0.020650638585200727	0.9126414418210607	0.9795366260383112	non-significant	SIRT5
ENSG00000124702	1.2765101391415417	1.1449773077101586	-0.17342953123344582	0.09365872174729367	0.48185423359004703	non-significant	KLHDC3
ENSG00000124733	0.8584579299855645	0.8819909953128153	0.05230205661472179	0.5291042636903867	0.8631276450121693	non-significant	MEA1
ENSG00000124795	0.8251761828949301	0.8288413043717099	0.05623754116425988	0.19388682122656936	0.6488255814072662	non-significant	DEK
ENSG00000124813	1.1837654082489601	1.163214530470094	-0.047083541071093124	0.7478895548402744	0.9444601154553772	non-significant	RUNX2
ENSG00000125398	0.9899470020028738	0.9628022230894747	0.0029698900166483036	0.888263022424793	0.9752205966515672	non-significant	SOX9
ENSG00000125482	0.7622943463324344	0.7351957607388674	0.02920618015468393	0.6455153958353179	0.9168405737614793	non-significant	TTF1
ENSG00000125484	0.7441055206408439	0.7580077822202234	0.07238848609924038	0.168773940130983	0.6215327735362548	non-significant	GTF3C4
ENSG00000125686	1.026850173105619	1.0191136260152485	-0.05637885668375263	0.6834577999096736	0.9267238106263728	non-significant	MED1
ENSG00000125798	0.9910697274718686	1.037112163628783	0.09804855953076107	0.05450940507183922	0.4026408521911244	non-significant	FOXA2
ENSG00000125817	1.0647780981590476	1.0732820063461799	-0.02736758251561107	0.5265878068401681	0.8631276450121693	non-significant	CENPB
ENSG00000125820	1.057953600753583	1.0401643160863634	0.054355585442924306	0.9187498306427123	0.9825140311333047	non-significant	NKX2-2
ENSG00000125931	1.1927983284786556	1.1633440171814091	-0.06314076687485336	0.5165834645011218	0.8604617231838898	non-significant	CITED1
ENSG00000126012	1.3813601592373284	1.1889361518956696	-0.24826282705787042	0.0075953774214377	0.1714944842878109	non-significant	KDM5C
ENSG00000126351	1.2163278858408157	1.1182884472542556	-0.11621639492262537	0.15830403611706986	0.6146827052822157	non-significant	THRA
ENSG00000126457	0.8298981278961399	0.7716031843546207	0.021142233345096482	0.7725910891427654	0.9518774029527348	non-significant	PRMT1
ENSG00000126756	0.7692640211137022	0.7437295484370143	-0.039253525425358975	0.9371023551219659	0.9851588861538617	non-significant	UXT
ENSG00000126778	1.1628567773279193	1.1781934758457309	0.048532126237201274	0.18995421406432791	0.6488255814072662	non-significant	SIX1
ENSG00000126856	1.152382293368495	1.1621609691531765	0.042917366749452714	0.14941706662939755	0.6085529534905926	non-significant	PRDM7
ENSG00000127337	0.5936074332870519	0.6210072147745447	0.0345997974865368	0.2977559022229758	0.7324795194685205	non-significant	YEATS4
ENSG00000127445	0.9926891151571269	0.9670252615818459	-0.05014743478062729	0.9034886396058857	0.9781070160633185	non-significant	PIN1
ENSG00000127511	0.893288655959765	0.9159541286534482	0.07925268312393892	0.17975504627916902	0.635341111848787	non-significant	SIN3B
ENSG00000127616	1.043261995798376	1.0535765202691587	0.09885687234078495	0.1925693651727801	0.6488255814072662	non-significant	SMARCA4
ENSG00000127663	0.8978805649812146	0.9746091990957237	0.1212748569230836	0.03712013052352061	0.35670125424945587	non-significant	KDM4B
ENSG00000128510	1.2741639962229554	1.240818661919618	-0.05589485091959621	0.8579406360287994	0.9645950478203139	non-significant	CPA4
ENSG00000128573	1.137494005981954	1.049754148518374	-0.07343569824399654	0.4222081961641532	0.8165347189967114	non-significant	FOXP2
ENSG00000128708	0.8153269090246352	0.8200459761373113	0.0707957402737451	0.4657216182107745	0.835040219240893	non-significant	HAT1
ENSG00000128710	0.8429556080892556	0.8227113595162907	-0.013389760232892546	0.7017097477930876	0.9267238106263728	non-significant	HOXD10
ENSG00000128714	1.018705213464341	0.9962711673059096	-0.0248122942551458	0.5265878068401681	0.8631276450121693	non-significant	HOXD13
ENSG00000128908	0.9016834569599648	0.84237159113462	0.01853328582485041	0.6747591241532856	0.9267238106263728	non-significant	INO80
ENSG00000129071	1.0437433462351766	1.0000615607153425	0.012857033319469571	0.19412017394949102	0.6488255814072662	non-significant	MBD4
ENSG00000129152	1.2498631869406747	1.2289118082433375	0.010673565302953582	0.43342205714885745	0.8278092085296501	non-significant	MYOD1
ENSG00000129194	1.1809046279558675	1.1694788254554782	-0.008963512908054722	0.8368362665556577	0.9599179787220339	non-significant	SOX15
ENSG00000129245	0.9399898701647249	0.9184454733591096	-0.029681158076292628	0.9187498306427123	0.9825140311333047	non-significant	FXR2
ENSG00000129315	0.9846306841150115	0.9711008515145343	-0.0434775291151652	0.6649744685513395	0.9267238106263728	non-significant	CCNT1
ENSG00000129474	1.1211590083920828	1.132308511412142	0.04389208014349179	0.35656666037325097	0.7578199864677573	non-significant	AJUBA
ENSG00000129484	0.7917397848502546	0.7295843823455046	0.0607274334141078	0.6611944032517995	0.9267238106263728	non-significant	PARP2
ENSG00000129514	1.18842906057134	1.110904937227852	-0.05506582604791309	0.6317621685213604	0.9096019696234023	non-significant	FOXA1
ENSG00000129534	0.5456186326461188	0.5654702097643746	0.05658980996942331	0.19133487787854922	0.6488255814072662	non-significant	MIS18BP1
ENSG00000129673	1.146508005526339	1.0604863746496198	-0.13502100439742756	0.146184413815199	0.5993560966423158	non-significant	AANAT
ENSG00000129691	0.5365101468510848	0.5553660381317731	0.23940873753676845	0.09183619467540478	0.48185423359004703	non-significant	ASH2L
ENSG00000129744	0.8903361095143498	0.8822837058978834	0.024655470906866477	0.5966042742761328	0.8970944466499308	non-significant	ART1
ENSG00000129810	0.5939753735978149	0.6330914156392212	-0.017790153955660158	0.6003625530436127	0.8981946871302221	non-significant	SGO1
ENSG00000129993	1.078213220637383	1.103358591041988	0.043798019149704395	0.4657216182107745	0.835040219240893	non-significant	CBFA2T3
ENSG00000130066	0.9783767908979991	1.0235040563863347	0.0927500994906949	0.03540573627852934	0.34562742557611975	non-significant	SAT1
ENSG00000130177	0.5338429474993812	0.5303148884805121	0.04187387244176962	0.7068578869824562	0.9267238106263728	non-significant	CDC16
ENSG00000130382	1.1696735406960292	1.0860611163489546	-0.13052879906731704	0.2173046751740888	0.6615959169904189	non-significant	MLLT1
ENSG00000130711	1.0303276754016288	0.966573055120589	-0.06864247441883807	0.3959988619156882	0.7830845661676793	non-significant	PRDM12
ENSG00000130816	0.8466550570018526	0.8470199856027436	0.06570742646810175	0.3159747370637873	0.7419558003781466	non-significant	DNMT1
ENSG00000131747	0.703497740237725	0.6831105574094717	0.00698753328137072	0.36255468532361457	0.7601925768655632	non-significant	TOP2A
ENSG00000131759	1.102032224251875	1.1230038289474842	0.05604201326713894	0.2173046751740888	0.6615959169904189	non-significant	RARA
ENSG00000131778	0.7596255424404784	0.8388099735158867	0.16098062595712304	0.005882990179640998	0.1714944842878109	non-significant	CHD1L
ENSG00000131944	0.8735421436897475	0.9257553051640682	0.18643213520203364	0.27805805132262057	0.7193633446341684	non-significant	FAAP24
ENSG00000132003	0.9809858085255395	0.9681724051481642	0.02550889999866372	0.5091453751666115	0.8604617231838898	non-significant	ZSWIM4
ENSG00000132153	0.6977998421883035	0.7633983108364975	0.09155009114324539	0.12790122720226282	0.5578670548183804	non-significant	DHX30
ENSG00000132170	0.8943453993954716	0.9634339822613676	0.14737713716246958	0.02354991042177593	0.3008066186749423	non-significant	PPARG
ENSG00000132275	1.135705925851231	1.1487700266578127	0.04217271935306248	0.09142005820657544	0.48185423359004703	non-significant	RRP8
ENSG00000132341	0.4963172861460011	0.5274803456906418	0.1746967570674348	0.012795198331904109	0.21547097829523712	non-significant	RAN
ENSG00000132383	0.9098218330241089	0.8628961655914852	-0.09352786822926497	0.9756071976856647	0.992794568998788	non-significant	RPA1
ENSG00000132467	0.6279441484311608	0.6479156768498203	0.13902382757284765	0.08015994668952	0.4815338620526569	non-significant	UTP3
ENSG00000132475	1.067929938726858	1.0152044351703549	-0.08785540722835214	0.7074264014632816	0.9267238106263728	non-significant	H3F3B
ENSG00000132510	1.1965822427144384	1.1572807543766745	-0.02689808238303476	0.8039137964822848	0.9522084059565995	non-significant	KDM6B
ENSG00000132522	0.9366412558918975	0.9261203547872519	0.03498823224668083	0.28197096715573017	0.7193633446341684	non-significant	GPS2
ENSG00000132600	1.074817968873851	1.1142035015182805	0.12326436389980484	0.07887641879098446	0.48028710451936085	non-significant	PRMT7
ENSG00000132604	0.621224560053591	0.572972847811696	-0.011715022235885757	0.4311689343484926	0.8278092085296501	non-significant	TERF2
ENSG00000132646	0.6027621641454599	0.5684767062922307	-0.0021110938257520636	0.7605015494059086	0.9518774029527348	non-significant	PCNA
ENSG00000132780	0.7335653852245073	0.729494332927997	-0.015199562482706163	0.9309806465230982	0.9851588861538617	non-significant	NASP
ENSG00000132972	0.9616638913217002	1.0229495129374497	0.07387761764051651	0.31970453187025827	0.7419558003781466	non-significant	RNF17
ENSG00000133606	0.9003666383558204	0.9461815432334602	0.10626358243566218	0.08995165774114497	0.48185423359004703	non-significant	MKRN1
ENSG00000133800	1.1797837407110114	1.2069011491395765	0.014760111668936487	0.19922282951771458	0.6570761799225838	non-significant	LYVE1
ENSG00000133884	0.8835890706635505	0.9651287233029826	0.1515499739325652	0.008706879618471155	0.18464589535723314	non-significant	DPF2
ENSG00000134014	0.5029497176907891	0.4682178922551646	-0.15388218152320188	0.24279610865353826	0.6881087871978158	non-significant	ELP3
ENSG00000134046	1.041655732024407	0.9193212521640147	-0.0999209045449922	0.15604563611827632	0.6146827052822157	non-significant	MBD2
ENSG00000134250	0.8558762080580619	0.8493179163844261	0.15048244621156123	0.2350169169952287	0.678569971605942	non-significant	NOTCH2
ENSG00000134371	0.4379223003793096	0.45956847874304024	0.3164670526633271	0.00058142065542102835	0.07151474061678649	significant	CDC73
ENSG00000135100	1.182156544222325	1.2074939872389203	0.04420624315764438	0.2505392699851274	0.7028943852854529	non-significant	HNF1A
ENSG00000135144	1.1303359704257656	1.0550752111469865	-0.11979313738140528	0.22751639617828756	0.6770992831331848	non-significant	DTX1
ENSG00000135164	0.9103221361553558	0.8183677663334931	-0.128097193359095	0.18741757061346234	0.6475382355465131	non-significant	DMTF1
ENSG00000135363	1.1455196230107982	1.1390521470308985	-0.013364298988242604	0.8609642218778181	0.9662280957205441	non-significant	LMO2
ENSG00000135365	0.8983692094996684	0.8664592627821651	-0.05933183635541435	0.9708285585533569	0.991793294867632	non-significant	PHF21A
ENSG00000135476	0.8728564166436071	0.8655454853868799	-0.011704772661294658	0.6040441279584381	0.8981946871302221	non-significant	ESPL1
ENSG00000135632	0.838891914028966	0.8396552477319849	-0.07121473571577822	0.5806837033231875	0.8950387908364921	non-significant	SMYD5
ENSG00000135829	0.6012712522949836	0.5236804824231966	0.0015237123779700441	0.7212961223172689	0.9267238106263728	non-significant	DHX9
ENSG00000135899	0.9348816189524813	0.9173861181102044	-0.02276658851422339	0.9023283204822763	0.9781070160633185	non-significant	SP110
ENSG00000135903	1.123796747388672	1.0546401887431809	-0.08173320323253104	0.456359129451236	0.83282155671368	non-significant	PAX3
ENSG00000135999	0.8217190269859838	0.8341234201655153	0.08304080415312277	0.2319959653839949	0.678569971605942	non-significant	EPC2
ENSG00000136144	0.9583621876274868	0.957222729570846	-0.030846477409997484	0.6345028373470563	0.9096019696234023	non-significant	RCBTB1
ENSG00000136146	0.9543006981133799	0.8853020855378017	-0.0035304225683717508	0.8091811424501097	0.9522084059565995	non-significant	MED4
ENSG00000136169	0.9026269511010915	0.8256514825308511	-0.048178224855067654	0.9983735609066161	1	non-significant	SETDB2
ENSG00000136319	0.963256154794036	0.9868360227816575	0.08420269683508258	0.07757357337891839	0.47707747628034813	non-significant	TTC5
ENSG00000136504	0.8012972605372756	0.8266937153274507	0.2229188730550919	7.418695560499287e-4	0.0760416294951177	significant	KAT7
ENSG00000136518	0.45501776937076627	0.46388360757656544	0.008769856100565495	0.6019549492766011	0.8981946871302221	non-significant	ACTL6A
ENSG00000136574	1.148732121503795	1.078454621390372	-0.09470319999614385	0.2537277293225537	0.7028943852854529	non-significant	GATA4
ENSG00000136603	0.7641691266340249	0.8348965891856092	0.1478477989238165	0.007171080198028263	0.1714944842878109	non-significant	SKIL
ENSG00000136715	0.797022042712418	0.7299252370886339	-0.11039954987940172	0.5368641519870037	0.8688722459789665	non-significant	SAP130
ENSG00000136770	0.8851088383196459	0.8708273919342487	-0.005286185776326081	0.7102909497325633	0.9267238106263728	non-significant	DNAJC1
ENSG00000136824	0.5340436201720967	0.49397045986546256	0.041710523558921714	0.5341554667445385	0.8667694249284728	non-significant	SMC2
ENSG00000136931	1.185047044259031	1.1209787801809374	-0.06672864135556435	0.7098030259704581	0.9267238106263728	non-significant	NR5A1
ENSG00000136997	0.45789855645155736	0.46271577394966934	0.008622600826635797	0.4125256316239585	0.805407185551538	non-significant	MYC
ENSG00000137074	0.9951935559034488	0.946455591996344	-0.04664225005652938	0.8761118681920858	0.970396840749318	non-significant	APTX
ENSG00000137203	1.1472496381297832	1.1347784032071735	-0.019044302732275652	0.667773249324039	0.9267238106263728	non-significant	TFAP2A
ENSG00000137265	0.9567770120534375	0.9595207790181504	0.03218333043052604	0.1658826460972294	0.6215327735362548	non-significant	IRF4
ENSG00000137309	0.9061814492607208	0.9521139180802826	0.15271530975941267	0.14091596587898872	0.5935843768190279	non-significant	HMGA1
ENSG00000137693	0.7941962670081139	0.8166830856291755	0.09855914876428906	0.1735906413032227	0.6317055881744494	non-significant	YAP1
ENSG00000137812	0.5693158719204574	0.5308606481831913	-0.10089467524298083	0.45171785998589764	0.83282155671368	non-significant	KNL1
ENSG00000137815	0.5362147196005104	0.5129751161857311	-0.10267587555052558	0.3688488306038387	0.7612148685280564	non-significant	RTF1
ENSG00000137834	0.8846535328874092	0.908867211203083	0.14104310012750523	0.04429355739938597	0.3681153756840861	non-significant	SMAD6
ENSG00000137947	0.652830130251721	0.5900042997718569	0.0805490767259018	0.11676394722189459	0.5399235153493622	non-significant	GTF2B
ENSG00000137948	0.7192463540647834	0.7285851303026218	0.02257104284515272	0.4540351506314455	0.83282155671368	non-significant	BRDT
ENSG00000138050	0.9282594953541542	0.9103465805330526	0.0060867147414301005	0.3426853797848826	0.7565010818756333	non-significant	THUMPD2
ENSG00000138081	0.7928176387177144	0.8497920188661728	0.11817781579963235	0.1104335352311479	0.5224355705165843	non-significant	FBXO11
ENSG00000138092	0.9977307298129605	1.0745899851578857	0.08859883331068931	0.01064733913145136	0.2019237904858532	non-significant	CENPO
ENSG00000138336	1.0291935717941243	1.0830857701108005	0.08245870055232289	0.040761631444457845	0.35812004769059397	non-significant	TET1
ENSG00000138375	1.0841691229986485	1.1052933376132925	0.13332189507044118	0.23960039034001054	0.6853685584144488	non-significant	SMARCAL1
ENSG00000138496	0.8957725128361108	0.9139803047218672	0.07600195731710094	0.2461006569572798	0.6942747891226013	non-significant	PARP9
ENSG00000138617	0.9594393349259754	0.8443939970191363	-0.23349026659124442	0.02144789459321118	0.29312122610721947	non-significant	PARP16
ENSG00000138738	1.2033626230138008	1.16526012526225	0.013719778168065211	0.3542678174354455	0.7578199864677573	non-significant	PRDM5
ENSG00000138785	0.8340044959072584	0.8078383550228205	0.04499281258660083	0.4540351506314455	0.83282155671368	non-significant	INTS12
ENSG00000138795	0.8236210267327505	0.8551652890848233	-0.01818020339094108	0.21444853195049834	0.6615959169904189	non-significant	LEF1
ENSG00000139083	1.0327320358203675	0.9535941282134727	-0.031228534217813513	0.7508080875612325	0.9458098511634125	non-significant	ETV6
ENSG00000139154	1.0058492110836688	0.9964203855872928	-0.02438772969263658	0.7189090414221277	0.9267238106263728	non-significant	AEBP2
ENSG00000139351	0.7871674391986929	0.7847879392117091	-0.07853891128952761	0.8741816328282006	0.970396840749318	non-significant	SYCP3
ENSG00000139372	0.7123026821628875	0.7622550621223115	0.10381074638998683	0.05499484810415358	0.4026408521911244	non-significant	TDG
ENSG00000139515	0.9951424764033003	0.9670886463614199	-0.03745851035703685	0.9432277839381983	0.9859485569164247	non-significant	PDX1
ENSG00000139613	0.8725078195301571	0.8210864402983086	-0.07047000812524451	0.6100212565280241	0.9018343095306125	non-significant	SMARCC2
ENSG00000139618	0.622713467096025	0.594511832201398	-0.07456455894178485	0.8091811424501097	0.9522084059565995	non-significant	BRCA2
ENSG00000139620	0.7192484971398512	0.7199371346928601	-4.7590878968220134e-4	0.812250445384173	0.9522084059565995	non-significant	KANSL2
ENSG00000139687	0.9151643709193376	0.8942550096357351	0.015250138781834916	0.6019549492766011	0.8981946871302221	non-significant	RB1
ENSG00000139718	0.7468436957018422	0.807296191971839	0.19343150864131203	0.025193963541155863	0.30094597569247783	non-significant	SETD1B
ENSG00000140044	1.2482101678569633	1.1995911698618633	-0.018500832860696103	0.6988577149214817	0.9267238106263728	non-significant	JDP2
ENSG00000140320	1.19604489968793	1.1630736916430546	-0.025175574201995378	0.8188392033533319	0.9555713663421236	non-significant	BAHD1
ENSG00000140382	0.9445322110780011	0.9365031253566537	-0.04461347495754501	0.9646908642558595	0.9904589006967505	non-significant	HMG20A
ENSG00000140395	0.6342848718583277	0.6906251215909921	0.15542026275566323	0.050979295006469964	0.39686413201239273	non-significant	WDR61
ENSG00000140396	1.2792716200530754	1.2459681932842863	-0.029820157146937094	0.9371023551219659	0.9851588861538617	non-significant	NCOA2
ENSG00000140455	1.1379219350001677	1.1110255133305122	0.002351639493801323	0.7333517945426787	0.9355266886078554	non-significant	USP3
ENSG00000140534	0.563402136418059	0.4587684093534329	-0.1434275059690792	0.5707055479547922	0.8913958810194611	non-significant	TICRR
ENSG00000140990	0.48110192847067035	0.4940559760267083	0.014916460312422513	0.33878361652719596	0.7565010818756333	non-significant	NDUFB10
ENSG00000140995	1.1731799780292673	1.1784200033126133	0.0017539535067570503	0.31970453187025827	0.7419558003781466	non-significant	DEF8
ENSG00000141027	0.8905052673265258	0.8638438637685698	-0.016375980285845165	0.8821839793121201	0.972299547091315	non-significant	NCOR1
ENSG00000141380	0.8756742832779282	0.8843936047121203	0.044799452195891536	0.2260369963063328	0.6770992831331848	non-significant	SS18
ENSG00000141446	0.9597847031662864	0.9208658835274215	-0.04549050486454379	0.9004404922819891	0.9781070160633185	non-significant	ESCO1
ENSG00000141448	1.1778163280433198	1.1241099365984664	-0.034149942585442204	0.7160323065001777	0.9267238106263728	non-significant	GATA6
ENSG00000141504	1.038648733603453	1.033326745386415	-0.007974827678877586	0.7801832816825813	0.9518774029527348	non-significant	SAT2
ENSG00000141510	0.9616556716255866	0.9541077546358213	-0.0412506602605083	0.9708285585533569	0.991793294867632	non-significant	TP53
ENSG00000141570	1.1368260125725944	1.1182760432594	-0.06138424743900266	0.9309806465230982	0.9851588861538617	non-significant	CBX8
ENSG00000141582	1.1064115281178477	1.145152704120197	0.06040554040731254	0.15160228752571825	0.6093817439759263	non-significant	CBX4
ENSG00000141644	0.9628555377954267	0.923434548194135	-0.11663182598109757	0.6208503171108957	0.9026547163669051	non-significant	MBD1
ENSG00000141646	0.9548055048239334	0.903340732084333	-0.07880571225141599	0.2854287241673532	0.7193633446341684	non-significant	SMAD4
ENSG00000141837	0.9313544110458234	0.876095598894482	-0.0474833721927291	0.329154496198683	0.7497407968970001	non-significant	CACNA1A
ENSG00000141867	0.794327344967019	0.7661605088303548	0.012200610395693437	0.6154253167241479	0.9026547163669051	non-significant	BRD4
ENSG00000142082	1.0860070595221498	1.0975709569482661	0.010515884517577442	0.3917281869185729	0.78136745942344	non-significant	SIRT3
ENSG00000142192	1.08307115417555	1.0445407646745613	0.005326021284088476	0.43342205714885745	0.8278092085296501	non-significant	APP
ENSG00000142453	0.9090094913619267	0.8130676666175229	-0.20240163689933774	0.025445838595136338	0.30094597569247783	non-significant	CARM1
ENSG00000142599	0.606503129135574	0.6502844321721011	0.12293916921851372	0.2802527866501639	0.7193633446341684	non-significant	RERE
ENSG00000142611	0.9814516315425326	0.9490246248926268	0.05437174162971274	0.25620299787982764	0.703414480786134	non-significant	PRDM16
ENSG00000142619	1.0309798625014994	0.9976482785021675	-0.10566389860320534	0.8278264346975	0.956979807028125	non-significant	PADI3
ENSG00000142623	0.9909590301124486	1.0129214313669876	0.0641002855356931	0.456359129451236	0.83282155671368	non-significant	PADI1
ENSG00000142856	0.9518590242292126	0.9187690383664578	-0.044956111185434515	0.9831087683256291	0.992794568998788	non-significant	ITGB3BP
ENSG00000143033	0.8285892092493092	0.8754073818520082	0.05448788189312196	0.20466536122199994	0.6573031663278341	non-significant	MTF2
ENSG00000143224	0.9337860717455866	0.9957337814400518	0.1845232209146887	0.04038435045509438	0.35812004769059397	non-significant	PPOX
ENSG00000143258	0.9516364101803989	0.9101578426191765	-0.08199765939403812	0.7713355822950437	0.9518774029527348	non-significant	USP21
ENSG00000143321	1.0102447134621892	0.9863399454820013	-0.03754711306564387	0.9831087683256291	0.992794568998788	non-significant	HDGF
ENSG00000143379	0.46853249327186397	0.4646950524983389	0.057379775365514106	0.34319317372894587	0.7565010818756333	non-significant	SETDB1
ENSG00000143390	0.9397948778122153	0.9440742537125926	0.052537576368819575	0.22751639617828756	0.6770992831331848	non-significant	RFX5
ENSG00000143401	0.7715743812613062	0.7600171667628172	-0.03443286979471128	0.8009370878484314	0.9522084059565995	non-significant	ANP32E
ENSG00000143452	0.9518864129388862	0.9500296438130115	0.0033090402021233515	0.519075283416623	0.8604617231838898	non-significant	HORMAD1
ENSG00000143499	1.088113992458443	1.090817192415363	0.049260365074175944	0.20881765495205346	0.6573031663278341	non-significant	SMYD2
ENSG00000143569	0.9220909593131104	0.9345593038406961	0.02810890563173563	0.4993158908924116	0.8577633321196455	non-significant	UBAP2L
ENSG00000143799	1.0288357725196706	0.994967677925209	-0.025878247534351806	0.8128608343531947	0.9522084059565995	non-significant	PARP1
ENSG00000143815	0.8697472965552792	0.8914315335236928	0.05822025524763405	0.30314630789949004	0.7339959817251432	non-significant	LBR
ENSG00000143995	1.0051824999650225	0.97348022167537	-0.026501096494375317	0.9371023551219659	0.9851588861538617	non-significant	MEIS1
ENSG00000144355	1.3084361445595416	1.2432324131227483	-0.06427594304386056	0.3874855795266021	0.78136745942344	non-significant	DLX1
ENSG00000144369	0.9116567165691334	0.8818703291912752	-0.07710234900987493	0.8278264346975	0.956979807028125	non-significant	FAM171B
ENSG00000145041	0.397655972472951	0.4421815774077676	0.2174286377696356	0.12315198444967615	0.548829495917035	non-significant	DCAF1
ENSG00000145287	0.8406847323821196	0.8276929127093344	0.04465596181803573	0.29954554247812615	0.7339462494981975	non-significant	PLAC8
ENSG00000145391	1.0123316977769876	1.0105169723269387	0.1280357501166413	0.17727004043128036	0.6338434585188223	non-significant	SETD7
ENSG00000145703	1.1735210899647126	1.1297855193430881	-0.05274161893805126	0.8943486447341201	0.9752205966515672	non-significant	IQGAP2
ENSG00000145734	0.5863196175250753	0.5636893436778342	-0.04591281997740513	0.8973938125193284	0.9768091941582069	non-significant	BDP1
ENSG00000146247	1.101471557846294	1.0077298318670789	-0.14395059522981277	0.20057344361548185	0.6570761799225838	non-significant	PHIP
ENSG00000146414	0.8033598290420414	0.8225998226259907	0.07876366016306549	0.12409064888019557	0.549034165908779	non-significant	SHPRH
ENSG00000146670	0.7145448849636639	0.7818495634781031	0.2675059460720711	0.01850056008877326	0.2709010584427513	non-significant	CDCA5
ENSG00000146918	0.7446246015550185	0.7629241015536736	0.18795280415630983	0.0698166365024914	0.45438896844690085	non-significant	NCAPG2
ENSG00000147050	0.963460412331348	0.8684897831157324	-0.057877648930072086	0.2319959653839949	0.678569971605942	non-significant	KDM6A
ENSG00000147099	0.9813749615550006	0.9355030421587966	-0.10522725130790458	0.48958812150293707	0.8529651408620575	non-significant	HDAC8
ENSG00000147133	0.5840176790823158	0.615709840871596	0.17696642522910802	0.016915396380386683	0.2590962435868688	non-significant	TAF1
ENSG00000147162	0.6634779768041905	0.6953547752146674	0.05432765123384615	0.4402322455631056	0.8279597278939141	non-significant	OGT
ENSG00000147274	0.5644369955083574	0.5909808704320232	-0.09576824874248756	0.949705586432392	0.9859485569164247	non-significant	RBMX
ENSG00000147488	1.203032634096018	1.1702667875463395	-0.028552505452287737	0.8248281233263883	0.956979807028125	non-significant	ST18
ENSG00000147548	1.082942823883514	1.113288712112562	0.047737367124869146	0.35656666037325097	0.7578199864677573	non-significant	NSD3
ENSG00000147596	0.7536063293159727	0.8012056645742412	0.13215136330516467	0.08636362122477392	0.48185423359004703	non-significant	PRDM14
ENSG00000147601	0.6723601412024753	0.6678528176568505	0.005412863351640502	0.49844219937955697	0.8577633321196455	non-significant	TERF1
ENSG00000147854	0.9284249513237834	0.9108250674832175	0.008576752867608178	0.7449746309282064	0.9427148107424834	non-significant	UHRF2
ENSG00000147889	1.4720972029337465	1.4045033915222813	-0.07756897389681323	0.3728583954861102	0.7618203097141455	non-significant	CDKN2A
ENSG00000148400	1.1153489484878625	1.1012977063160165	0.024849330340210543	0.35857823749937784	0.7578199864677573	non-significant	NOTCH1
ENSG00000148411	1.0686137900981074	1.1139022130149392	0.03851639154425599	0.2802527866501639	0.7193633446341684	non-significant	NACC2
ENSG00000148516	1.1993489083790745	1.153981630023276	-0.06677281076427193	0.6593909255663343	0.9267238106263728	non-significant	ZEB1
ENSG00000148584	0.8756037485581507	0.815033893245799	-0.030035445446913313	0.6317621685213604	0.9096019696234023	non-significant	A1CF
ENSG00000148704	1.0796092937634265	1.0709969519907077	0.05223560185460016	0.48717221754848866	0.8511673687281833	non-significant	VAX1
ENSG00000148737	0.5958325334654361	0.6466106129026534	0.11584535053835043	0.2854287241673532	0.7193633446341684	non-significant	TCF7L2
ENSG00000148835	0.7969184359653987	0.8858791043955174	0.06354241841743132	0.0917151065667431	0.48185423359004703	non-significant	TAF5
ENSG00000149124	1.010109232310069	1.0902832646422438	0.1529183482258274	0.007508759963168528	0.1714944842878109	non-significant	GLYAT
ENSG00000149136	0.47917008522220444	0.521450524968672	0.1125797078612868	0.1115174328311222	0.5235360396270241	non-significant	SSRP1
ENSG00000149474	0.876363975013936	0.8225706691077732	-0.1329076366432793	0.26346216888456975	0.7137851712070943	non-significant	KAT14
ENSG00000149480	0.8368541926459059	0.7952807158273301	-0.11594644632552412	0.5291042636903867	0.8631276450121693	non-significant	MTA2
ENSG00000149948	0.8916073721560572	0.9097591927189409	0.05894397246119332	0.31412059595420827	0.7419558003781466	non-significant	HMGA2
ENSG00000150347	0.8957428622262523	0.8333863230615112	-0.07172559770409145	0.9892505565722872	0.9940998240064651	non-significant	ARID5B
ENSG00000150687	0.9174854649514754	0.8868206609236405	0.050676453734668676	0.7333517945426787	0.9355266886078554	non-significant	PRSS23
ENSG00000150907	0.9205536210905749	0.949112938484587	0.1128674173849079	0.028923744806456066	0.30669143199949106	non-significant	FOXO1
ENSG00000151090	1.0850487182525144	1.0570096132279239	-0.021857712819941713	0.519075283416623	0.8604617231838898	non-significant	THRB
ENSG00000151332	1.0886919557716515	1.0463123800383753	-0.01908350270198607	0.8308272573100796	0.958646835357784	non-significant	MBIP
ENSG00000151503	0.9595726905756686	0.9423253464667124	-0.004488824455190552	0.6046383747510764	0.8981946871302221	non-significant	NCAPD3
ENSG00000151615	0.9259991931870493	0.9450163994586643	0.17887710360588205	0.07549096081360357	0.46895899899359794	non-significant	POU4F2
ENSG00000151702	1.217042757930546	1.207223916774646	-0.0033418945915125848	0.46807880458975804	0.8351665024590236	non-significant	FLI1
ENSG00000151725	0.7924873451653538	0.8057678694209098	-0.03171080445225129	0.5754214061215057	0.8913958810194611	non-significant	CENPU
ENSG00000151883	0.8586771144968602	0.8431613304385087	-0.08077942931471611	0.8773018592790582	0.970396840749318	non-significant	PARP8
ENSG00000152217	0.9518673963055803	0.9459941992829657	0.01882985600909717	0.4810255925556443	0.8476525484863073	non-significant	SETBP1
ENSG00000152284	0.8015798169540902	0.8548466367942398	0.12255778617642679	0.046788933500649055	0.3836692547053222	non-significant	TCF7L1
ENSG00000152382	1.4374400982769064	1.16512349671572	-0.31788461286566155	1.6044531608681408e-4	0.04267657590257535	significant	TADA1
ENSG00000152465	0.6230862433677524	0.6027681080684756	0.0076140805228612305	0.8241659653506352	0.956979807028125	non-significant	NMT2
ENSG00000152784	1.0768527998169417	0.9980496527490318	-0.10748603151176883	0.3253530030454761	0.7466123017648052	non-significant	PRDM8
ENSG00000152804	1.1242375117796086	1.1584888074671376	0.10424133019673926	0.06661978242825328	0.45438896844690085	non-significant	HHEX
ENSG00000153044	0.6257161346408437	0.6791807399259708	0.2308523298452624	0.005586534730491481	0.1714944842878109	non-significant	CENPH
ENSG00000153046	0.8519182678515048	0.8258744147794874	0.016706977883770603	0.5859684269953658	0.8970944466499308	non-significant	CDYL
ENSG00000153147	0.9642741402134434	0.9657814073513923	-0.008713965569553863	0.6960099260827863	0.9267238106263728	non-significant	SMARCA5
ENSG00000153391	0.8047699975681932	0.804516823258812	0.10280554586189294	0.12790122720226282	0.5578670548183804	non-significant	INO80C
ENSG00000153487	0.9632315271214864	1.0169270655588998	0.08341745719628726	0.09594114616401761	0.48363774500713796	non-significant	ING1
ENSG00000153814	0.9762789791390166	0.8957937841419755	-0.11270318087126305	0.2537277293225537	0.7028943852854529	non-significant	JAZF1
ENSG00000153922	0.7380217982034294	0.7179657384858142	0.014940322849582233	0.7713355822950437	0.9518774029527348	non-significant	CHD1
ENSG00000154655	0.9292109752919239	0.9236462796365498	-0.02739044395783712	0.8098757112662176	0.9522084059565995	non-significant	L3MBTL4
ENSG00000154727	0.827741079320086	0.8660334973100523	0.07729332131964951	0.07439303114542294	0.4668542260656644	non-significant	GABPA
ENSG00000154832	0.9473493116522178	0.9458398453693689	0.06690167317548959	0.10713543675090399	0.5148872800727784	non-significant	CXXC1
ENSG00000155545	1.213309047233982	1.103620037966376	-0.15434926156278128	0.0205908725991332	0.29312122610721947	non-significant	MIER3
ENSG00000155592	0.9669923613338648	1.013760938279132	0.0745345634882566	0.09905339318340374	0.49127287748220405	non-significant	ZKSCAN2
ENSG00000155666	0.675131073451513	0.6680666145817105	-0.06616675121427806	0.9554883575970554	0.9859485569164247	non-significant	KDM8
ENSG00000155827	0.6256846790604301	0.6142099054990837	-0.046825210877063456	0.6574924981606503	0.9267238106263728	non-significant	RNF20
ENSG00000155858	0.5821147025147274	0.5601971761124711	-0.08102800155728808	0.4471034029358711	0.83282155671368	non-significant	LSM11
ENSG00000156030	0.7282924429352524	0.7646575006842662	0.040857986291865156	0.2052290708707251	0.6573031663278341	non-significant	ELMSAN1
ENSG00000156219	1.0266061728462694	1.0316045445830357	0.024290457857109232	0.33491048179675303	0.7517151325000114	non-significant	ART3
ENSG00000156256	0.9011323130508493	0.8541697105273345	1.614431589884118e-4	0.44957876224012233	0.83282155671368	non-significant	USP16
ENSG00000156502	0.6588884684253644	0.6534175973415681	0.027249975266883508	0.5187502651052074	0.8604617231838898	non-significant	SUPV3L1
ENSG00000156650	0.8206395073124806	0.7864630307972548	-0.0659656230655172	0.5912753581588096	0.8970944466499308	non-significant	KAT6B
ENSG00000156931	0.7820292776953761	0.8150994458093557	0.0791239603888171	0.20193072846401358	0.6570761799225838	non-significant	VPS8
ENSG00000156983	1.189753407021203	1.1684193671569936	0.013816455386375548	0.6154253167241479	0.9026547163669051	non-significant	BRPF1
ENSG00000157212	0.8114049178422992	0.8047807019186425	-0.014934025134637777	0.5713268720125909	0.8913958810194611	non-significant	PAXIP1
ENSG00000157259	1.0593302676156293	0.9961957073984243	-0.1032779766533947	0.4002975354105698	0.7890480265304501	non-significant	GATAD1
ENSG00000157613	0.9462989418112571	0.8716694284984712	-0.15494837660315236	0.32158018544683714	0.7435030603376123	non-significant	CREB3L1
ENSG00000157933	1.2767812380837078	1.263339596217322	-0.03693827731242896	0.9585552613673188	0.9874564250266349	non-significant	SKI
ENSG00000158019	0.8623147050637291	0.8376766546292199	0.07584961836366623	0.12261139635920584	0.548829495917035	non-significant	BABAM2
ENSG00000158161	0.9422378752177369	0.9215215297132737	-0.03769925474483439	0.9309806465230982	0.9851588861538617	non-significant	EYA3
ENSG00000158636	1.2141995525077598	1.2112331012819517	0.023106926051039315	0.5140978593647478	0.8604617231838898	non-significant	EMSY
ENSG00000158711	0.9201351662263662	0.8875692745374614	-0.07755041229219098	0.4402322455631056	0.8279597278939141	non-significant	ELK4
ENSG00000158806	0.9376799101882084	1.0040111507190081	0.1369556740242747	0.010885093381206447	0.2019237904858532	non-significant	NPM2
ENSG00000159055	0.7176613648185998	0.7370287154894503	0.2729799318017369	0.0023635252818974156	0.1321425498515373	non-significant	MIS18A
ENSG00000159259	0.7742897778065558	0.7720751092558188	0.08135654795105139	0.46394575512350195	0.835040219240893	non-significant	CHAF1B
ENSG00000159267	1.0321560259095242	0.9765875485872165	-0.09414613759872209	0.463371041429473	0.835040219240893	non-significant	HLCS
ENSG00000159339	1.0158617892010389	1.0009331929006478	0.0154128698771632	0.5526395078145042	0.880500770222591	non-significant	PADI4
ENSG00000160224	1.0491925525358092	1.0151756130108722	0.06363565552666482	0.5966042742761328	0.8970944466499308	non-significant	AIRE
ENSG00000160310	0.9633139326460449	0.9485662710707797	-0.007878353433163902	0.5886191304661579	0.8970944466499308	non-significant	PRMT2
ENSG00000160633	0.6212762572082539	0.7137098713376626	0.1898116044166067	0.0033955108012744205	0.1364425681866188	non-significant	SAFB
ENSG00000160953	0.9689466107181166	0.9560402855520758	0.014031491421437647	0.639999203390047	0.913223921310624	non-significant	MUM1
ENSG00000161036	0.9512376868219604	0.909971192135169	-0.007766736936296008	0.8128608343531947	0.9522084059565995	non-significant	LRWD1
ENSG00000161653	1.0790890654633096	1.08155967371845	-0.02690868144326476	0.9462917806370691	0.9859485569164247	non-significant	NAGS
ENSG00000161888	0.47547007675681324	0.47997090972902373	-0.04404276617322464	0.9769679810742011	0.992794568998788	non-significant	SPC24
ENSG00000161939	0.6882446087852004	0.704672506711025	0.1371678567147322	0.2683487531394521	0.7193633446341684	non-significant	RNASEK-C17orf49
ENSG00000162039	0.8210491325849137	0.8057993215607463	-0.0757845410157705	0.7801832816825813	0.9518774029527348	non-significant	MEIOB
ENSG00000162344	1.0641356347937774	1.0731708353812954	0.023118980946978764	0.4448062657862995	0.8314767582327482	non-significant	FGF19
ENSG00000162367	0.8676403020022851	0.8667262033924358	0.059947942304589975	0.41556229419145846	0.8062170691727033	non-significant	TAL1
ENSG00000162396	0.6300900407036931	0.6662024300244587	0.1640563970058505	0.026214579194976155	0.3038840702115931	non-significant	PARS2
ENSG00000162521	0.5262830895766777	0.5826052073376803	0.23569921771529037	0.08424687286514225	0.48185423359004703	non-significant	RBBP4
ENSG00000162601	0.8241583377806945	0.8416711443943893	0.1725410652816199	0.0037715831856463726	0.1364425681866188	non-significant	MYSM1
ENSG00000162961	0.8816094936504352	0.833652418339433	-0.1281067154249078	0.4657216182107745	0.835040219240893	non-significant	DPY30
ENSG00000162992	1.0812298764307138	1.0791035177708905	0.06102048177147023	0.2537277293225537	0.7028943852854529	non-significant	NEUROD1
ENSG00000163012	0.9578996820500523	0.9819321798609373	0.03112664185231756	0.28513403311955726	0.7193633446341684	non-significant	ZSWIM2
ENSG00000163104	0.8574873002315994	0.8299641930963988	-0.020093802295189492	0.9646908642558595	0.9904589006967505	non-significant	SMARCAD1
ENSG00000163159	0.6575868203120232	0.6259737297296759	-0.0481292099735139	0.39386002019718114	0.78136745942344	non-significant	VPS72
ENSG00000163322	0.6868484322934395	0.7028812338435385	0.12938581299752372	0.03253993470853025	0.33353433076243505	non-significant	ABRAXAS1
ENSG00000163348	0.995712412948084	0.9411314270758359	-0.03883985015965073	0.8338305487651502	0.9599179787220339	non-significant	PYGO2
ENSG00000163508	1.2095503394509153	1.1339239693912986	-0.08133372915642845	0.3525648888404953	0.7578199864677573	non-significant	EOMES
ENSG00000163517	1.1839960752355545	1.195569085945874	0.037302091935150695	0.379084825149292	0.771977375717929	non-significant	HDAC11
ENSG00000163530	0.8556989281376433	0.8985714408849717	0.15777604237389933	0.007338177629412326	0.1714944842878109	non-significant	DPPA2
ENSG00000163535	0.9309423588811976	0.9106949639135099	-0.010616347488473527	0.7420633545014914	0.9409669340585921	non-significant	SGO2
ENSG00000163602	1.2837741368548015	1.2877710963814062	-0.0057200695340348835	0.6874923810521136	0.9267238106263728	non-significant	RYBP
ENSG00000163623	1.0040445121811046	0.9937264491202833	-0.08461577848817824	0.7009807928417862	0.9267238106263728	non-significant	NKX6-1
ENSG00000163635	1.091500943831802	1.084736443925397	0.08643141379840998	0.12036923867211537	0.5483487539507478	non-significant	ATXN7
ENSG00000163655	0.5323617870260487	0.5808032506067733	0.15907660217809247	0.040100749992186685	0.35812004769059397	non-significant	GMPS
ENSG00000163666	1.0791101137683836	1.077668026526184	0.015128885325819847	0.4657216182107745	0.835040219240893	non-significant	HESX1
ENSG00000163840	1.091640980547238	1.0838350078296592	4.4929266057433927e-4	0.7860976823074619	0.9522084059565995	non-significant	DTX3L
ENSG00000163872	0.8710391959236792	0.8082897313669054	-0.08623715247868356	0.6593909255663343	0.9267238106263728	non-significant	YEATS2
ENSG00000163875	0.7598554017807378	0.8040667873463363	0.11123339936375265	0.09247960491274564	0.48185423359004703	non-significant	MEAF6
ENSG00000163930	0.8059641435838172	0.7993444557407199	0.11253180475081587	0.09878135650272184	0.49127287748220405	non-significant	BAP1
ENSG00000163935	0.7799730236016389	0.8308561476422479	0.07879848926308847	0.09441464062213471	0.48185423359004703	non-significant	SFMBT1
ENSG00000163939	0.9043268034445775	0.8519509778460086	-0.010405795355340823	0.7068578869824562	0.9267238106263728	non-significant	PBRM1
ENSG00000163961	0.7707242515712842	0.7489924934838861	0.05181776762597093	0.6372485261580014	0.9114135897376068	non-significant	RNF168
ENSG00000164032	0.854337043527606	0.8449598478962073	0.052057237943114676	0.3426853797848826	0.7565010818756333	non-significant	H2AFZ
ENSG00000164091	0.6585697170540767	0.7036633732987733	0.05060660555449929	0.22900268437675195	0.6770992831331848	non-significant	WDR82
ENSG00000164093	0.8996073028126922	0.9578405215823977	0.12723556880320283	0.006847094927519446	0.1714944842878109	non-significant	PITX2
ENSG00000164105	0.9130684208858953	0.8768321021078874	0.06335007772533399	0.35839618683364016	0.7578199864677573	non-significant	SAP30
ENSG00000164190	0.6881892550117062	0.7019667636176008	0.1646627384230809	0.3637188890294355	0.7601925768655632	non-significant	NIPBL
ENSG00000164256	0.7224855514362233	0.8059463481350702	0.1809616788570189	0.04295251535281293	0.36295368412957435	non-significant	PRDM9
ENSG00000164306	1.038284291559536	1.0787397844913127	0.15758129290275427	0.04777934270991465	0.3866354706131252	non-significant	PRIMPOL
ENSG00000164442	1.1305015725297516	1.094636453669971	-0.02566796976133455	0.8128608343531947	0.9522084059565995	non-significant	CITED2
ENSG00000164663	0.9535011420080282	0.9306329860059356	-0.02358806586505442	0.9769679810742011	0.992794568998788	non-significant	USP49
ENSG00000164754	0.5768716712083416	0.6029481884579891	0.018132358311735035	0.28197096715573017	0.7193633446341684	non-significant	RAD21
ENSG00000164850	1.2876366515746334	1.2310418921720618	-0.07981628370959098	0.5520242867945047	0.880500770222591	non-significant	GPER1
ENSG00000164985	0.8440822295637549	0.8165292237877998	-0.0879594051341098	0.5091453751666115	0.8604617231838898	non-significant	PSIP1
ENSG00000165097	0.952272064148184	0.9464232203921082	-0.006852630586520024	0.6208503171108957	0.9026547163669051	non-significant	KDM1B
ENSG00000165124	0.9440902073479485	0.9287085278873768	0.14150419391252392	0.0948038410803182	0.48185423359004703	non-significant	SVEP1
ENSG00000165156	1.1027292290794217	1.1106185198368979	0.06258562621564526	0.30314630789949004	0.7339959817251432	non-significant	ZHX1
ENSG00000165288	1.0071141737447225	1.0044917833108813	0.02649002350820057	0.5468890882447717	0.879984488566353	non-significant	BRWD3
ENSG00000165494	0.5676430894334805	0.5155172726271197	-0.033475559161082	0.695121539484226	0.9267238106263728	non-significant	PCF11
ENSG00000165671	1.0043539561893584	0.9803154789949947	0.03838951626171405	0.7216265995600776	0.9267238106263728	non-significant	NSD1
ENSG00000165684	0.7868834280139984	0.80658398180733	0.07146765974195769	0.17850932602885053	0.6345851763453357	non-significant	SNAPC4
ENSG00000165702	1.1296539719352703	1.0881431793776877	-0.08401095106534143	0.6846619247249295	0.9267238106263728	non-significant	GFI1B
ENSG00000166135	0.6339239815646965	0.6769977788567442	0.08162962184520924	0.16758558359580064	0.6215327735362548	non-significant	HIF1AN
ENSG00000166164	0.7501694639103299	0.7994028425418358	0.09781000118827124	0.08426687785778801	0.48185423359004703	non-significant	BRD7
ENSG00000166313	0.9840004335063577	1.0064948552110666	0.05567642784515756	0.4379553902949419	0.8279597278939141	non-significant	APBB1
ENSG00000166337	0.9528216506728634	0.9330213332064479	0.10405250743731481	0.3108524536971928	0.7419558003781466	non-significant	TAF10
ENSG00000166349	1.0553337149003132	1.053620327082295	0.12618560010210567	0.058983763845963634	0.41967066670905034	non-significant	RAG1
ENSG00000166439	1.1152709878169236	1.0694965661943925	0.01876389189844873	0.35839618683364016	0.7578199864677573	non-significant	RNF169
ENSG00000166446	1.314216843331807	1.2791165301097736	-0.03670258200515151	0.94935657196444	0.9859485569164247	non-significant	CDYL2
ENSG00000166451	0.7498187880763323	0.6730125200378597	-0.04980386374044699	0.4687909623537525	0.8351665024590236	non-significant	CENPN
ENSG00000166477	0.7652653290214141	0.767117010671669	-0.06270402796976808	0.8518997554551586	0.9645950478203139	non-significant	LEO1
ENSG00000166503	1.02456501459581	0.9430489953856702	-0.1357099318290748	0.16640352305592876	0.6215327735362548	non-significant	HDGFL3
ENSG00000166582	0.9595073012852382	0.9766282678372449	0.09988313655369617	0.08995165774114497	0.48185423359004703	non-significant	CENPV
ENSG00000166669	0.8816951568032299	0.8710376540010297	-0.03461140331782548	0.8579406360287994	0.9645950478203139	non-significant	ATF7IP2
ENSG00000166803	0.7951548471061137	0.7708809554649735	-0.012335177678266548	0.6100212565280241	0.9018343095306125	non-significant	PCLAF
ENSG00000166848	1.0378284894975371	1.033188757336578	0.02738633172875495	0.3466157502168242	0.7578199864677573	non-significant	TERF2IP
ENSG00000166949	1.1230452109682356	1.0308457614864046	-0.16866160285046886	0.1440592270177252	0.5986244906479796	non-significant	SMAD3
ENSG00000166987	0.7814547958874326	0.7267333375352758	-0.09581807410460406	0.8555029992625616	0.9645950478203139	non-significant	MBD6
ENSG00000167085	0.7144360765363078	0.7547015491948741	0.016122686145985252	0.21531492019574658	0.6615959169904189	non-significant	PHB
ENSG00000167311	1.1846997494372897	1.1608479282302357	-0.0012525748351197618	0.5939370821451414	0.8970944466499308	non-significant	ART5
ENSG00000167491	0.9441641079911769	0.9926099661678536	0.08737519495612882	0.032178913178753155	0.33353433076243505	non-significant	GATAD2A
ENSG00000167548	0.8368900258630987	0.8727331760499614	0.10209960746409917	0.19922282951771458	0.6570761799225838	non-significant	KMT2D
ENSG00000167670	0.6491879492111629	0.640406002801166	-0.02666235430473775	0.8020242688100572	0.9522084059565995	non-significant	CHAF1A
ENSG00000167674	1.1012061598789404	1.0456716622796318	-0.06838599463747409	0.6345028373470563	0.9096019696234023	non-significant	HDGFL2
ENSG00000167754	1.2942300274419478	1.2033804158909007	-0.011896839182353224	0.5632812553928106	0.8904485849252264	non-significant	KLK5
ENSG00000167771	1.2292317912623336	1.1458544431975877	-0.03411672538107923	0.9554883575970554	0.9859485569164247	non-significant	RCOR2
ENSG00000167978	0.7913762522394664	0.8246350646021231	0.02537454880296435	0.6649744685513395	0.9267238106263728	non-significant	SRRM2
ENSG00000168036	0.7211738766131442	0.6967423256029409	-0.025061846302607584	0.8368362665556577	0.9599179787220339	non-significant	CTNNB1
ENSG00000168214	1.1859573664606782	1.1184669046943838	-0.06818353009336775	0.7949923748278492	0.9522084059565995	non-significant	RBPJ
ENSG00000168283	0.8145416716529679	0.8170956614143584	0.04687570117701185	0.2700932041122364	0.7193633446341684	non-significant	BMI1
ENSG00000168395	1.072560154171125	1.042690490235953	-0.03241420224837602	0.8804239933623658	0.9721018957232584	non-significant	ING5
ENSG00000168453	1.090343201316335	1.1380246197715098	0.10871918102438827	0.023255516586222845	0.3008066186749423	non-significant	HR
ENSG00000168556	0.9374998080849238	0.8735452758396868	-0.10259251415942428	0.168773940130983	0.6215327735362548	non-significant	ING2
ENSG00000168702	1.0755383204023743	1.0320319757310568	-0.06155977130906735	0.9677594726696342	0.991793294867632	non-significant	LRP1B
ENSG00000168769	1.0470117876416263	1.004752020700413	0.07146451336236764	0.8428548105852005	0.9599179787220339	non-significant	TET2
ENSG00000169057	0.9862128007186151	0.9691056582240579	-0.0764470957619298	0.9126414418210607	0.9795366260383112	non-significant	MECP2
ENSG00000169083	1.1682832837732096	1.1958795520049168	0.016629492473850344	0.15944247641112813	0.6146827052822157	non-significant	AR
ENSG00000169189	0.6623997594771945	0.6455908558173552	-0.02797342078489468	0.5675704801474614	0.8904485849252264	non-significant	NSMCE1
ENSG00000169247	0.9854362065066963	0.9606081912120588	-0.019344430386796636	0.9831087683256291	0.992794568998788	non-significant	SH3TC2
ENSG00000169375	0.9678889685834119	0.9932868042404135	0.06262862725003	0.3178360490203991	0.7419558003781466	non-significant	SIN3A
ENSG00000169857	0.875723301936675	0.858610582577824	0.07432421942178113	0.18480256919447574	0.6475382355465131	non-significant	AVEN
ENSG00000169925	0.969796110688475	0.9593057554251211	-0.0017652909463446481	0.7566558239510164	0.9496802688364797	non-significant	BRD3
ENSG00000169989	0.9366207412594524	0.9321974019297835	0.01681517218902223	0.4847627665351917	0.8511673687281833	non-significant	TIGD4
ENSG00000170004	0.9381406228338581	0.9767357774430581	0.12489935532411411	0.06005043686243322	0.41967066670905034	non-significant	CHD3
ENSG00000170142	1.0048206106912532	1.0160192419521157	0.00516722293137198	0.34464699057744075	0.7569924971611646	non-significant	UBE2E1
ENSG00000170322	0.8919580281923964	0.9165575380466084	0.03335472739516486	0.5392309033426603	0.8704120880727981	non-significant	NFRKB
ENSG00000170364	1.0468090862875437	1.0177322203522707	0.0070151456921170585	0.5912753581588096	0.8970944466499308	non-significant	SETMAR
ENSG00000170608	1.1738878319703712	1.1508114541726777	0.004559110681516069	0.8398443680682728	0.9599179787220339	non-significant	FOXA3
ENSG00000170748	0.9474027925324413	0.9868578356063572	0.18492954612140783	0.03540573627852934	0.34562742557611975	non-significant	RBMXL2
ENSG00000170820	0.8390169408144417	0.8228366719114546	-0.028951267311265516	0.940164627051147	0.9859485569164247	non-significant	FSHR
ENSG00000170854	0.9691126884449721	0.8690344183440667	-0.1277420059347735	0.146184413815199	0.5993560966423158	non-significant	RIOX2
ENSG00000170948	0.9961148052998581	0.9660901919748425	-0.037759043363078136	0.9432277839381983	0.9859485569164247	non-significant	MBD3L1
ENSG00000170965	1.0996754324711675	1.0979461722851027	0.010483807803344878	0.3178360490203991	0.7419558003781466	non-significant	PLAC1
ENSG00000171016	0.9885230033451058	1.0093682320261301	0.12496467046316362	0.014425267682400714	0.2274753749917036	non-significant	PYGO1
ENSG00000171148	1.3098456082304246	1.1448800132734929	-0.22946489326574668	0.004749921091661393	0.16228897063176423	non-significant	TADA3
ENSG00000171282	1.0972985339505579	1.1148361570259084	0.04594995574335408	0.7217897646992399	0.9267238106263728	non-significant	NA
ENSG00000171316	1.1085300879610136	1.0790848191522318	-0.01009958436501207	0.7801832816825813	0.9518774029527348	non-significant	CHD7
ENSG00000171320	0.8689970806205087	0.9021197466670781	0.06599780543499634	0.12315198444967615	0.548829495917035	non-significant	ESCO2
ENSG00000171456	0.8514791777749647	0.8717310804887086	0.10930451392402735	0.038904700730307766	0.35812004769059397	non-significant	ASXL1
ENSG00000171476	1.0232236073096241	1.016741298553946	-0.019381097196631204	0.7920244527555226	0.9522084059565995	non-significant	HOPX
ENSG00000171490	0.7160802406615626	0.6415193896507403	-0.09219158177236542	0.952648682821112	0.9859485569164247	non-significant	RSL1D1
ENSG00000171617	1.1170469812281303	1.0555775718918627	-0.061896572364481456	0.5675704801474614	0.8904485849252264	non-significant	ENC1
ENSG00000171634	0.9964043553738136	0.9989018448825706	0.038608864155769584	0.29419809598955327	0.7295638267482873	non-significant	BPTF
ENSG00000171681	0.7395528535876373	0.7258001764914526	0.09662817244446424	0.13782569833659955	0.5886305866458938	non-significant	ATF7IP
ENSG00000171720	0.6689191982974027	0.6959174263900927	0.12241940937428374	0.043082307221884435	0.36295368412957435	non-significant	HDAC3
ENSG00000171813	1.1142420293961675	1.0375367226002927	-0.10606936434552908	0.3728583954861102	0.7618203097141455	non-significant	PWWP2B
ENSG00000171843	1.3306832351299147	1.2809405652664871	-0.021995381048496375	0.7831389154667583	0.9518774029527348	non-significant	MLLT3
ENSG00000171861	0.8167441013249522	0.7584851159088333	0.014948846802661491	0.8761118681920858	0.970396840749318	non-significant	MRM3
ENSG00000171951	1.0034469098402334	0.9406684490177918	0.036586739920254	0.5659570497133867	0.8904485849252264	non-significant	SCG2
ENSG00000171988	0.7833538687586314	0.8211511131055774	0.11901463796873085	0.06326467167784498	0.43716598968398496	non-significant	JMJD1C
ENSG00000172238	0.8066906624350533	0.8121555229247035	0.16852080065324043	0.04267572000788423	0.36295368412957435	non-significant	ATOH1
ENSG00000172273	0.7187635548596346	0.7153719932148302	0.17153541983823706	0.10800074655185109	0.5148872800727784	non-significant	HINFP
ENSG00000172301	0.7752523240336987	0.8434745914985231	0.1411433226476309	0.023966706203369385	0.3008066186749423	non-significant	COPRS
ENSG00000172530	0.8100759670254245	0.8076268210224736	-0.01410833437744913	0.5140978593647478	0.8604617231838898	non-significant	BANP
ENSG00000172534	0.6457349719545629	0.6775770441666286	0.08078434701615482	0.17703939353381123	0.6338434585188223	non-significant	HCFC1
ENSG00000172845	0.9970661887620502	1.013588572998205	0.023138752059448136	0.20742682804316157	0.6573031663278341	non-significant	SP3
ENSG00000172943	1.2658193558438007	1.1670020824338672	-0.08965433395049664	0.07131985181135685	0.45438896844690085	non-significant	PHF8
ENSG00000172977	0.5174274876752216	0.5495518707645194	0.1025560341073173	0.3925036850036906	0.78136745942344	non-significant	KAT5
ENSG00000173011	1.7483760056517494	1.3145609244169272	-0.45855660022390876	1.0720231694221991e-7	6.592942491946524e-5	significant	TADA2B
ENSG00000173039	1.0752210614755182	1.0713841896301028	0.012756359207870204	0.5066785378785454	0.8604617231838898	non-significant	RELA
ENSG00000173120	0.5607885768334554	0.6153423049285254	0.13646479733740927	0.02144789459321118	0.29312122610721947	non-significant	KDM2A
ENSG00000173193	0.9313033415542393	0.9279684607720284	0.0018646464232072147	0.4402322455631056	0.8279597278939141	non-significant	PARP14
ENSG00000173200	1.0320417892336469	1.0042155370667751	-0.033901834669652145	0.8039137964822848	0.9522084059565995	non-significant	PARP15
ENSG00000173404	1.1478571998403861	1.1386521862251389	-0.01963449345977913	0.6818358897079677	0.9267238106263728	non-significant	INSM1
ENSG00000173473	0.9157197974321422	0.8584033995743905	-0.012855106973458097	0.7801832816825813	0.9518774029527348	non-significant	SMARCC1
ENSG00000173531	0.5664366159315871	0.5716297103937467	0.03428707240695522	0.6874923810521136	0.9267238106263728	non-significant	MST1
ENSG00000173575	0.8733621843942735	0.8278950390213036	-0.0081995278289429	0.885222656391167	0.973903280287241	non-significant	CHD2
ENSG00000173757	1.0620839286781454	1.0209033514487678	-0.004689486013284702	0.7938795209041192	0.9522084059565995	non-significant	STAT5B
ENSG00000173889	1.0663325273194602	1.0639880595438749	0.06849932409899534	0.4944392135480891	0.8565637079776754	non-significant	PHC3
ENSG00000173894	1.0406544791612906	0.9384215281217071	-0.12798249013040724	0.07071787718977214	0.45438896844690085	non-significant	CBX2
ENSG00000174579	0.8124635851403814	0.7793557217308249	-0.10914897777787119	0.8639898469351687	0.9677236708597644	non-significant	MSL2
ENSG00000175029	0.7710020116157469	0.7954399398073931	0.023652848538930106	0.3329846558340715	0.7517151325000114	non-significant	CTBP2
ENSG00000175097	0.6674336275180488	0.7007427437729685	0.142337820316929	0.028724520929742384	0.30669143199949106	non-significant	RAG2
ENSG00000175121	0.8396559020623252	0.8015470943928441	-0.013703626828123159	0.5667789094185538	0.8904485849252264	non-significant	WFDC5
ENSG00000175279	0.8598603894780978	0.8444789782040888	-0.016436425282768514	0.8943486447341201	0.9752205966515672	non-significant	CENPS
ENSG00000175325	1.0122126088338905	1.0054592913213007	0.06210368970902926	0.2802527866501639	0.7193633446341684	non-significant	PROP1
ENSG00000175387	1.0417757533587928	1.059445294581625	0.035922714163400066	0.2889150343490075	0.7193633446341684	non-significant	SMAD2
ENSG00000175792	0.672096358325087	0.6582837551421804	-0.007130898487296915	0.7801832816825813	0.9518774029527348	non-significant	RUVBL1
ENSG00000176171	1.1357401443811341	1.0918688216763563	0.009254580754765002	0.6235705944960624	0.9044714990921661	non-significant	BNIP3
ENSG00000176182	0.8964924054246408	0.9318542499734127	0.11028302838695805	0.07071787718977214	0.45438896844690085	non-significant	MYPOP
ENSG00000176476	1.118403533743755	0.9378986339632683	-0.2777476372231062	0.0030939102339121276	0.13591105670399703	non-significant	SGF29
ENSG00000176635	0.8600633130058353	0.7674975581556114	-0.14306122716242914	0.1575773199768241	0.6146827052822157	non-significant	HORMAD2
ENSG00000176692	0.8933808621390101	0.9491422464510574	0.10069931076312852	0.012963294629144348	0.21547097829523712	non-significant	FOXC2
ENSG00000177200	0.9470750098826867	0.9768849254321489	0.11645767531608112	0.05952812674997402	0.41967066670905034	non-significant	CHD9
ENSG00000177426	0.9719766255676392	0.9967490933006231	0.0463643023682641	0.30677573166213346	0.7369807616102034	non-significant	TGIF1
ENSG00000177565	0.6071948872569403	0.6220456151153954	0.23615877328648865	0.0716678535599177	0.45438896844690085	non-significant	TBL1XR1
ENSG00000177700	0.8759953551698488	0.9301299734388686	0.17239628137988275	0.01100573069582804	0.2019237904858532	non-significant	POLR2L
ENSG00000177889	0.6655578841424891	0.6469507530581842	-0.025804916162566253	0.7216265995600776	0.9267238106263728	non-significant	UBE2N
ENSG00000178028	0.6873943744842511	0.711905443669379	0.07500748387571564	0.10776301750839028	0.5148872800727784	non-significant	DMAP1
ENSG00000178279	1.049048586764912	1.0250593787148496	-0.006922394254000332	0.4704425841258903	0.8351665024590236	non-significant	TNP2
ENSG00000178691	0.9473375322053644	0.8754471405543747	-0.07799832714293503	0.5727987348992867	0.8913958810194611	non-significant	SUZ12
ENSG00000179094	1.1197392277679223	1.1184828420489432	0.04142356139572856	0.2426908412508213	0.6881087871978158	non-significant	PER1
ENSG00000179348	1.3318763854306999	1.2847134177966157	-0.04184167954525853	0.524077476422887	0.8631276450121693	non-significant	GATA2
ENSG00000179361	1.2065141408369253	1.194175474599754	0.03882606552429897	0.21021522696626324	0.6573031663278341	non-significant	ARID3B
ENSG00000179772	1.1166236715370301	1.1011948250879042	0.012061008432222024	0.3687428467508827	0.7612148685280564	non-significant	FOXS1
ENSG00000180198	0.5876182336834228	0.5576514007032105	-0.056787153901153485	0.31970453187025827	0.7419558003781466	non-significant	RCC1
ENSG00000181090	1.4209828163903329	1.2115188738959357	-0.2630982156529555	5.506596177170384e-4	0.07151474061678649	significant	EHMT1
ENSG00000181163	0.7409851038908113	0.7711988528726241	0.10862510943654925	0.05213550007626567	0.4007916568362923	non-significant	NPM1
ENSG00000181222	0.5293584393320498	0.5745942635530495	0.22823775610521377	0.0078078789594450485	0.1714944842878109	non-significant	POLR2A
ENSG00000181449	1.1020327346926322	1.0893629192053265	0.014879348596819704	0.7246744391164148	0.9284891251179065	non-significant	SOX2
ENSG00000181472	0.9385165271917636	0.8608578799289957	-0.0768031180482433	0.3272501656635213	0.748174170569017	non-significant	ZBTB2
ENSG00000181555	1.0687992505026402	1.0317664356780103	0.06499377797175135	0.3420638497273904	0.7565010818756333	non-significant	SETD2
ENSG00000181965	0.9238188509532155	0.9336179809329953	0.004665388731698416	0.35857823749937784	0.7578199864677573	non-significant	NEUROG1
ENSG00000182013	0.9024457060341128	0.8431325738561124	-0.05039922880699931	0.6317621685213604	0.9096019696234023	non-significant	PNMA8A
ENSG00000182095	0.8050004128338669	0.8027904934174328	0.03245573664762229	0.41556229419145846	0.8062170691727033	non-significant	TNRC18
ENSG00000182196	1.012753487916613	1.028780268750947	0.06530989890862315	0.10635060162626932	0.5148872800727784	non-significant	ARL6IP4
ENSG00000182568	0.9111621181161385	0.9065823220519388	0.023789881240221585	0.5494537294463082	0.879984488566353	non-significant	SATB1
ENSG00000182979	1.0366682389183208	0.9683721934709979	-0.0029791876999987177	0.6127206541327042	0.9026547163669051	non-significant	MTA1
ENSG00000183072	1.1321878622826929	1.1850149496196287	0.027465106636733794	0.09441464062213471	0.48185423359004703	non-significant	NKX2-5
ENSG00000183207	0.6978842528904103	0.7056249010180341	0.007493176072161901	0.5140978593647478	0.8604617231838898	non-significant	RUVBL2
ENSG00000183337	1.428261205246545	1.4052393340539229	0.07882886424092361	0.3542678174354455	0.7578199864677573	non-significant	BCOR
ENSG00000183495	0.9628932258069595	0.9277194889903757	-0.006753047839491004	0.8670174677133825	0.9677236708597644	non-significant	EP400
ENSG00000183576	0.8876935481990202	0.8895107681849775	0.03372092355449181	0.6818358897079677	0.9267238106263728	non-significant	SETD3
ENSG00000183741	1.0923916326666756	1.0353803130632278	-0.01179696199088858	0.5740208431850142	0.8913958810194611	non-significant	CBX6
ENSG00000183814	1.0001128908880583	0.9910838487005097	0.003198660352623979	0.578049737866982	0.8932175597693315	non-significant	LIN9
ENSG00000183955	0.8621029366059708	0.8232512505265018	0.008028777364032626	0.7890595416374844	0.9522084059565995	non-significant	KMT5A
ENSG00000184205	0.7297216909675771	0.7677264510557725	0.05818038611222008	0.21161955598847343	0.6573031663278341	non-significant	TSPYL2
ENSG00000184402	1.2392452853665485	1.1677157254142032	0.008004878478922138	0.8761118681920858	0.970396840749318	non-significant	SS18L1
ENSG00000184634	1.4111775752768265	1.1862817265850487	-0.26243911308592277	0.0022544757647368716	0.1321425498515373	non-significant	MED12
ENSG00000184788	1.330639230678904	1.2932626216506689	-0.024053622554448758	0.8488825472494032	0.9632154364545811	non-significant	SATL1
ENSG00000185049	0.746959471508953	0.752027710804385	0.021758294528384528	0.6455153958353179	0.9168405737614793	non-significant	NELFA
ENSG00000185122	1.1028655767905458	1.065273953156656	0.011983595523906333	0.38960337060016365	0.78136745942344	non-significant	HSF1
ENSG00000185238	0.8027137311147532	0.8358975595464411	0.18540565398214864	0.011163266465884567	0.2019237904858532	non-significant	PRMT3
ENSG00000185420	1.0992726343119257	1.1421872580230217	0.12149060712195277	0.03507108875395857	0.34562742557611975	non-significant	SMYD3
ENSG00000185513	0.9050598183705553	0.9235887044779201	0.10509776975005852	0.05337674247398165	0.4026408521911244	non-significant	L3MBTL1
ENSG00000185515	1.021186535775674	1.0430085589945732	0.10475382833148522	0.08496116646743378	0.48185423359004703	non-significant	BRCC3
ENSG00000185658	1.0091219513463883	0.9921316291021057	0.04768836967559774	0.2350169169952287	0.678569971605942	non-significant	BRWD1
ENSG00000185697	0.8918826583158987	0.872507992318616	-0.0168695425925859	0.8009370878484314	0.9522084059565995	non-significant	MYBL1
ENSG00000185787	0.7969445264155147	0.7599266926277906	-0.04020673634192957	0.9218058470957996	0.9825140311333047	non-significant	MORF4L1
ENSG00000185811	0.9354897071018279	0.9198591817392766	0.0014465044399336695	0.4712240265907011	0.8351665024590236	non-significant	IKZF1
ENSG00000185818	1.065850641285669	1.013993029793751	-0.018710745436401117	0.6593909255663343	0.9267238106263728	non-significant	NAT8L
ENSG00000185917	1.1087494751293843	1.072519549361157	-0.08143615842921739	0.6179202781958868	0.9026547163669051	non-significant	SETD4
ENSG00000186280	1.1081259950114828	1.0447869025973233	-0.1013618612916179	0.4448062657862995	0.8314767582327482	non-significant	KDM4D
ENSG00000186310	1.043939422607254	0.9722788677595782	-0.12062249077358558	0.15050665360287033	0.6089578418800347	non-significant	NAP1L3
ENSG00000186350	1.1087975069495437	1.0985334251186145	0.051808083380761906	0.27176869366158607	0.7193633446341684	non-significant	RXRA
ENSG00000186462	1.0565035942290943	1.1069594412039336	0.140980041145755	0.05402754175934775	0.4026408521911244	non-significant	NAP1L2
ENSG00000186487	0.9735446084020953	1.0099096911101169	0.10076670091841933	0.07071787718977214	0.45438896844690085	non-significant	MYT1L
ENSG00000186532	1.033734999663215	1.0577648347698245	0.06356528327492801	0.15678811360957745	0.6146827052822157	non-significant	SMYD4
ENSG00000186625	0.9332173353346475	0.8898208837621291	-0.09909596342605054	0.4111662248927734	0.8053096442963554	non-significant	KATNA1
ENSG00000186871	0.7700505893926044	0.7483901355749302	-0.08185827613634639	0.906538210009905	0.9781070160633185	non-significant	ERCC6L
ENSG00000187098	1.1309192752162025	1.0202442685379527	-0.13806848168577712	0.11406763999146408	0.5314515045056849	non-significant	MITF
ENSG00000187166	0.9358717696630903	0.9984567316456817	0.12913014841565906	0.01428039943395994	0.2274753749917036	non-significant	H1FNT
ENSG00000187531	1.335372685492023	1.2939145678686386	0.014676779702199461	0.9218058470957996	0.9825140311333047	non-significant	SIRT7
ENSG00000187569	0.888149783839845	0.8641720246720329	0.024569452831454893	0.22880068185355473	0.6770992831331848	non-significant	DPPA3
ENSG00000187605	1.1825344722653153	1.0830641999674608	0.013108906631939513	0.905463988107182	0.9781070160633185	non-significant	TET3
ENSG00000187778	0.6525752464513421	0.7447677343925267	0.24484680124784852	0.0035905655306216755	0.1364425681866188	non-significant	MCRS1
ENSG00000187790	0.8647097321097412	0.7798448932579256	-0.11099978043511373	0.17577283034199284	0.6338434585188223	non-significant	FANCM
ENSG00000188312	1.051384878154895	0.9632505751956955	-0.13514516953905903	0.16405822612475265	0.6215327735362548	non-significant	CENPP
ENSG00000188375	0.7613831058296837	0.8030920089522355	0.22423713979176024	0.05011965684820868	0.39517421745703	non-significant	H3F3C
ENSG00000188662	1.0822368219999183	1.022162993963952	-0.09837909648953254	0.8428548105852005	0.9599179787220339	non-significant	HILS1
ENSG00000188895	0.695366246004154	0.835253501906224	0.3100427956887739	2.0817841903695292e-4	0.04267657590257535	significant	MSL1
ENSG00000188976	0.7294761133033938	0.757964549591151	0.010245348406164248	0.5042179979163464	0.8604617231838898	non-significant	NOC2L
ENSG00000189079	0.7938664033885041	0.789153132695374	0.05886648161084885	0.4944392135480891	0.8565637079776754	non-significant	ARID2
ENSG00000189091	0.6400794915117164	0.6313635387479668	0.07676911285913075	0.8664227919224572	0.9677236708597644	non-significant	SF3B3
ENSG00000189221	1.1453720525777036	1.1502556752928228	0.019661820904222603	0.26676351308715546	0.7193633446341684	non-significant	MAOA
ENSG00000189298	1.0838143093128838	1.0126796899067292	-0.0996358986046916	0.5165834645011218	0.8604617231838898	non-significant	ZKSCAN3
ENSG00000196132	1.0869316780569573	1.1929288649496455	0.18725699493781767	0.0011664735748049195	0.09592985489407937	significant	MYT1
ENSG00000196199	0.7288714334593815	0.6772170579461614	0.03840452102321026	0.16139098484123177	0.6164935135239599	non-significant	MPHOSPH8
ENSG00000196235	0.600962430060171	0.646567208981302	0.21513681241011443	0.1376700009495078	0.5886305866458938	non-significant	SUPT5H
ENSG00000196284	0.8158808784960069	0.7577309558947114	0.039488110379482404	0.6898461322642724	0.9267238106263728	non-significant	SUPT3H
ENSG00000196363	0.5808860182337386	0.5221682248426861	0.13002668292283764	0.512893162615665	0.8604617231838898	non-significant	WDR5
ENSG00000196498	1.1603489508230302	1.1081398436179077	-0.0884075958738704	0.35016961574550415	0.7578199864677573	non-significant	NCOR2
ENSG00000196535	0.883513185130314	0.8591393082403564	0.004686853294320015	0.7362518980263447	0.9355266886078554	non-significant	MYO18A
ENSG00000196591	0.8779786831757818	0.8595801809487438	-0.054196280062757125	0.7683928836692089	0.9518774029527348	non-significant	HDAC2
ENSG00000196781	0.9968998729262425	1.009517541576932	-3.192679269219505e-5	0.6903272236004017	0.9267238106263728	non-significant	TLE1
ENSG00000196843	1.0727148810829388	1.0300742437853956	-0.05907868473997012	0.5316268245461466	0.864948405015556	non-significant	ARID5A
ENSG00000197157	1.0645514629634902	1.0153770845728998	-0.0554595773849217	0.7683928836692089	0.9518774029527348	non-significant	SND1
ENSG00000197275	0.9913404428893645	0.9617031186866883	-0.07576396129947931	0.8488825472494032	0.9632154364545811	non-significant	RAD54B
ENSG00000197299	0.5325948665767117	0.635671756586735	0.30197465507225413	0.002938639277642098	0.13591105670399703	non-significant	BLM
ENSG00000197380	1.0676873368633744	1.094227510298656	0.124703529460743	0.1860806832315746	0.6475382355465131	non-significant	DACT3
ENSG00000197724	1.0652530805190152	1.0567939797498886	0.1027806720006934	0.20193072846401358	0.6570761799225838	non-significant	PHF2
ENSG00000197771	0.612593995477702	0.6038578061586667	0.028237918967558416	0.9554883575970554	0.9859485569164247	non-significant	MCMBP
ENSG00000197921	1.12444053920953	1.1024284996355338	-0.048519381440884246	0.8943486447341201	0.9752205966515672	non-significant	HES5
ENSG00000198026	1.0992823578258122	1.0848163099479702	-0.031021025331772912	0.8158486789928452	0.9538915163129273	non-significant	ZNF335
ENSG00000198157	0.9884604782000408	0.9686171324911895	-0.003116180941210959	0.7217897646992399	0.9267238106263728	non-significant	HMGN5
ENSG00000198160	0.7554098553395324	0.7432750288250933	0.01265522269993182	0.20466536122199994	0.6573031663278341	non-significant	MIER1
ENSG00000198408	0.8461742257712471	0.8050417917950481	0.0019925618074916698	0.7216265995600776	0.9267238106263728	non-significant	OGA
ENSG00000198554	0.8050527171234884	0.7551985904748397	-0.0409949469139812	0.752034174339689	0.9458098511634125	non-significant	WDHD1
ENSG00000198604	0.9159183276531631	0.9086499687400161	0.11077194009158865	0.33491048179675303	0.7517151325000114	non-significant	BAZ1A
ENSG00000198646	0.8927897378871787	0.8896872024613066	0.020404057905230928	0.3707970764814582	0.7618203097141455	non-significant	NCOA6
ENSG00000198728	0.8091540431633816	0.7951215391498139	-0.1122428659822154	0.8579406360287994	0.9645950478203139	non-significant	LDB1
ENSG00000198730	0.6789655284086417	0.713128282585191	0.17063722344288967	0.006936990279064787	0.1714944842878109	non-significant	CTR9
ENSG00000198855	0.8990549318363013	0.884865312216971	0.06957493363009624	0.2350169169952287	0.678569971605942	non-significant	FICD
ENSG00000198879	0.8327559747684037	0.8756208977303704	0.06909348631148686	0.20881765495205346	0.6573031663278341	non-significant	SFMBT2
ENSG00000198890	1.05358435897484	0.9688670993362322	-0.08275710896509375	0.15381176507214495	0.6142482825933061	non-significant	PRMT6
ENSG00000198900	0.5626603344501184	0.551278692449536	-0.07368099732566494	0.9126414418210607	0.9795366260383112	non-significant	TOP1
ENSG00000198945	1.0521631238482745	1.004050981429692	-0.03567325209877519	0.9554883575970554	0.9859485569164247	non-significant	L3MBTL3
ENSG00000204227	1.3993616369354942	1.3631195561292246	-0.035319371836385144	0.8098757112662176	0.9522084059565995	non-significant	RING1
ENSG00000204256	0.639537511109114	0.6873570964998124	0.23974302599843395	0.06952642787913826	0.45438896844690085	non-significant	BRD2
ENSG00000204304	1.3037216804807437	1.2498379162029358	-0.039561586377644266	0.5623651835930419	0.8904485849252264	non-significant	PBX2
ENSG00000204371	1.2995987709969097	1.1349054496749906	-0.19651543844338082	0.023022560223134675	0.3008066186749423	non-significant	EHMT2
ENSG00000204406	0.979999685122203	0.9873317563076971	0.004784777984293982	0.47757331364755984	0.8439873215323256	non-significant	MBD5
ENSG00000204463	0.8712952387887131	0.8540026797487829	-0.05204909505827535	0.8943486447341201	0.9752205966515672	non-significant	BAG6
ENSG00000204775	1.2063990721112923	1.1810062506923817	0.007628805940984521	0.7127525067086093	0.9267238106263728	non-significant	NA
ENSG00000205143	0.7992241908944515	0.8336940581631752	0.08588694359869511	0.28197096715573017	0.7193633446341684	non-significant	ARID3C
ENSG00000205531	0.9784872640792022	0.9580191372638719	0.09204543857929819	0.1397811782188308	0.5928649972729719	non-significant	NAP1L4
ENSG00000205683	0.853844172957896	0.8324585372513437	-0.016918219741463604	0.4993158908924116	0.8577633321196455	non-significant	DPF3
ENSG00000205835	1.094116697221706	1.0779630106874474	-0.04998038850355952	0.7098030259704581	0.9267238106263728	non-significant	GMNC
ENSG00000213024	0.7420563375214134	0.762582816481936	0.07970901493785948	0.11854158928249053	0.5440528164830722	non-significant	NUP62
ENSG00000213246	0.8710457296208611	0.9199391012799722	-0.0322637239640007	0.6179202781958868	0.9026547163669051	non-significant	SUPT4H1
ENSG00000221890	1.0218549800141312	1.020087984764268	-0.04118730289772079	0.9800382268371232	0.992794568998788	non-significant	NPTXR
ENSG00000221926	1.0191917624450524	1.0451036718511917	0.1039358662170779	0.05647284917012176	0.4085976734073516	non-significant	TRIM16
ENSG00000225830	0.8792124434040591	0.8111597532256104	-0.0938159795227954	0.3310659934087552	0.7513121252634113	non-significant	ERCC6
ENSG00000230522	0.7250782504785819	0.7710420522516317	0.13960331893913466	0.007682889557633379	0.1714944842878109	non-significant	MBD3L2
ENSG00000235268	0.974674250178487	0.9885861371649877	0.06301573208376716	0.18736531931014264	0.6475382355465131	non-significant	KDM4E
ENSG00000239306	0.6784596188352756	0.551788541453307	-0.19687848841065808	0.082791673205956	0.48185423359004703	non-significant	RBM14
ENSG00000243667	0.6564076436289116	0.6759759498984167	0.09435527581813302	0.08064713462020108	0.4815338620526569	non-significant	WDR92
ENSG00000243789	0.9868128223402887	1.0442964426728703	0.09728617382222399	0.040761631444457845	0.35812004769059397	non-significant	JMJD7
ENSG00000249961	0.7993780689274961	0.7866730473794602	0.009382733912880137	0.7979632668899935	0.9522084059565995	non-significant	TERB1
ENSG00000257923	1.031442115740838	1.0015459725357163	-0.06255170148407652	0.5291042636903867	0.8631276450121693	non-significant	CUX1
ENSG00000258315	0.9969793808547995	0.9750729063979187	-0.0412719955248193	0.7045659886991447	0.9267238106263728	non-significant	C17orf49
ENSG00000269897	0.9802421035573019	0.9527027705035479	-0.015228613309990955	0.6874923810521136	0.9267238106263728	non-significant	COMMD3-BMI1
ENSG00000272333	1.1906934181825413	1.2228833506621313	0.0934521373069185	0.08922460931611693	0.48185423359004703	non-significant	KMT2B
random	1.1484855388123558	1.1154875326364142	-0.035605621178509704	1	1	non-significant	NA
